track_title,preview_url,album_title
Wake Me Up,"https://cdnt-preview.dzcdn.net/api/1/1/a/f/e/0/afe08e1ef38a6aa6b2697008e678285e.mp3?hdnea=exp=1760157409~acl=/api/1/1/a/f/e/0/afe08e1ef38a6aa6b2697008e678285e.mp3*~data=user_id=0,application_id=42~hmac=55632830d8a38f1fea619d0b1c1d7f1984cee53f5a73e3729d91da0106f2eaf9",Hurry Up Tomorrow
Cry For Me,"https://cdnt-preview.dzcdn.net/api/1/1/e/2/1/0/e2145cd64443c40a8b6c40ba1e8e4257.mp3?hdnea=exp=1760157409~acl=/api/1/1/e/2/1/0/e2145cd64443c40a8b6c40ba1e8e4257.mp3*~data=user_id=0,application_id=42~hmac=cdabb901c1ae5b0d7023cc68eb8601f405aa915627c11f8ba09e8fecc81d118d",Hurry Up Tomorrow
I Can't Fucking Sing,"https://cdnt-preview.dzcdn.net/api/1/1/1/2/7/0/1279a3bec943f8120b627d978ebcc921.mp3?hdnea=exp=1760157409~acl=/api/1/1/1/2/7/0/1279a3bec943f8120b627d978ebcc921.mp3*~data=user_id=0,application_id=42~hmac=5ed396d2225708a58233f10bfeadebae017dcd22f1162235ef22e4587657ed9d",Hurry Up Tomorrow
São Paulo,"https://cdnt-preview.dzcdn.net/api/1/1/6/7/8/0/6788ad8d6618827664850cac0255251e.mp3?hdnea=exp=1760157409~acl=/api/1/1/6/7/8/0/6788ad8d6618827664850cac0255251e.mp3*~data=user_id=0,application_id=42~hmac=88e19ba9fc6af779d82d2f5ea8aaebbd12c1e52cbb35a0929d3e60291b9e886c",Hurry Up Tomorrow
Until We're Skin & Bones,"https://cdnt-preview.dzcdn.net/api/1/1/5/3/5/0/5352ad235b8bae019a8308394fba7349.mp3?hdnea=exp=1760157409~acl=/api/1/1/5/3/5/0/5352ad235b8bae019a8308394fba7349.mp3*~data=user_id=0,application_id=42~hmac=a18d6c1108fb5da388a828bd51dcaf4770f454e9f0bdbc807867de893b12c3cd",Hurry Up Tomorrow
Baptized In Fear,"https://cdnt-preview.dzcdn.net/api/1/1/f/7/8/0/f78b99cbf9eec8de2d8144395867ec8c.mp3?hdnea=exp=1760157409~acl=/api/1/1/f/7/8/0/f78b99cbf9eec8de2d8144395867ec8c.mp3*~data=user_id=0,application_id=42~hmac=c8fe7bc9223431bbf1bd00bd358ebe2446b8e48601d104d3c1e25ce72a409990",Hurry Up Tomorrow
Open Hearts,"https://cdnt-preview.dzcdn.net/api/1/1/b/c/0/0/bc080e353381dbcd2465cd1373c8803d.mp3?hdnea=exp=1760157409~acl=/api/1/1/b/c/0/0/bc080e353381dbcd2465cd1373c8803d.mp3*~data=user_id=0,application_id=42~hmac=16274a7835ff3e6fa80a963aae4207549ca880188fff08117229e3b1b71cb37e",Hurry Up Tomorrow
Opening Night,"https://cdnt-preview.dzcdn.net/api/1/1/0/3/2/0/032ae6878d0fea2bc75a7013802046ba.mp3?hdnea=exp=1760157409~acl=/api/1/1/0/3/2/0/032ae6878d0fea2bc75a7013802046ba.mp3*~data=user_id=0,application_id=42~hmac=e5d90613cf33a077af683b9380edbd1d28f53492b387b479766637ba548778c4",Hurry Up Tomorrow
Reflections Laughing,"https://cdnt-preview.dzcdn.net/api/1/1/2/8/f/0/28f4349950d6e3c8116436b9c6e5884e.mp3?hdnea=exp=1760157409~acl=/api/1/1/2/8/f/0/28f4349950d6e3c8116436b9c6e5884e.mp3*~data=user_id=0,application_id=42~hmac=0cef4e9e055b31e54f7882ecc6363ee00a9e34f075ebef5c28e56d65a90312c1",Hurry Up Tomorrow
Enjoy The Show,"https://cdnt-preview.dzcdn.net/api/1/1/7/4/1/0/741f7482b4d5aea64ec10569dec832cb.mp3?hdnea=exp=1760157409~acl=/api/1/1/7/4/1/0/741f7482b4d5aea64ec10569dec832cb.mp3*~data=user_id=0,application_id=42~hmac=ce5ce2c8fbac704227f0519b5de8c4baed19521dbadfd0be44b317bd71caf14e",Hurry Up Tomorrow
Given Up On Me,"https://cdnt-preview.dzcdn.net/api/1/1/5/8/6/0/586fa8355d4201a5c68e0328b1809c43.mp3?hdnea=exp=1760157409~acl=/api/1/1/5/8/6/0/586fa8355d4201a5c68e0328b1809c43.mp3*~data=user_id=0,application_id=42~hmac=2f293255a2b3e0060731d7d8591d2401e1d7c51f7a7f9231b32f797c2c170726",Hurry Up Tomorrow
I Can't Wait To Get There,"https://cdnt-preview.dzcdn.net/api/1/1/c/2/6/0/c26a12d52c92e2568c0b584608dacd64.mp3?hdnea=exp=1760157409~acl=/api/1/1/c/2/6/0/c26a12d52c92e2568c0b584608dacd64.mp3*~data=user_id=0,application_id=42~hmac=56deac6819d382625f9d92e01e6675c69d5962b2fce7b3351fd6a6068bbeb8ef",Hurry Up Tomorrow
Timeless,"https://cdnt-preview.dzcdn.net/api/1/1/d/1/d/0/d1d0f32d011c2139bcff3bf9b591cf67.mp3?hdnea=exp=1760157409~acl=/api/1/1/d/1/d/0/d1d0f32d011c2139bcff3bf9b591cf67.mp3*~data=user_id=0,application_id=42~hmac=bc3ff86d6714d8f98104d1b4e14f5dfd97c60f14809e1d4efc98aad2086b0d91",Hurry Up Tomorrow
Niagara Falls,"https://cdnt-preview.dzcdn.net/api/1/1/a/7/4/0/a7491c3c9ccb4a63c71f0a3f09f426b7.mp3?hdnea=exp=1760157409~acl=/api/1/1/a/7/4/0/a7491c3c9ccb4a63c71f0a3f09f426b7.mp3*~data=user_id=0,application_id=42~hmac=6682ae9605472301e840959a14f66e5dbdc991a3cdbbddee4f077ea89268b56f",Hurry Up Tomorrow
Take Me Back To LA,"https://cdnt-preview.dzcdn.net/api/1/1/b/e/9/0/be9357a612c4fbc40a1c6ef0032128ee.mp3?hdnea=exp=1760157409~acl=/api/1/1/b/e/9/0/be9357a612c4fbc40a1c6ef0032128ee.mp3*~data=user_id=0,application_id=42~hmac=1a0df04326377d7ae176aae66d9add60f60af219eae06061674469b542de1fff",Hurry Up Tomorrow
Big Sleep,"https://cdnt-preview.dzcdn.net/api/1/1/8/b/c/0/8bc3cee7987caebfd8393ccba828b095.mp3?hdnea=exp=1760157409~acl=/api/1/1/8/b/c/0/8bc3cee7987caebfd8393ccba828b095.mp3*~data=user_id=0,application_id=42~hmac=081ac619510e00577cbc5e3d13dc4974ad95fca580c7a48fad567202836abf32",Hurry Up Tomorrow
Give Me Mercy,"https://cdnt-preview.dzcdn.net/api/1/1/8/f/2/0/8f2c1002fbbef209d06ce643d8c03f07.mp3?hdnea=exp=1760157409~acl=/api/1/1/8/f/2/0/8f2c1002fbbef209d06ce643d8c03f07.mp3*~data=user_id=0,application_id=42~hmac=1f0b214e9ac7e045dfe35340caf69c29275eae485a30aa4eef58df6336f05a08",Hurry Up Tomorrow
Drive,"https://cdnt-preview.dzcdn.net/api/1/1/e/c/6/0/ec6fb32687bce09b7b2c609fefd2c732.mp3?hdnea=exp=1760157409~acl=/api/1/1/e/c/6/0/ec6fb32687bce09b7b2c609fefd2c732.mp3*~data=user_id=0,application_id=42~hmac=623550f5b3a50543fc1b59711d5604ae2703529b824a990d6be3f4f8b205f0ff",Hurry Up Tomorrow
The Abyss,"https://cdnt-preview.dzcdn.net/api/1/1/a/d/6/0/ad6d38bab76f4f3c8477f74eb2d83a75.mp3?hdnea=exp=1760157409~acl=/api/1/1/a/d/6/0/ad6d38bab76f4f3c8477f74eb2d83a75.mp3*~data=user_id=0,application_id=42~hmac=bd3c73c89f982eea0b36ba1aa5fdeac42d9473ff1bbb9106617c7e9811051ac8",Hurry Up Tomorrow
Red Terror,"https://cdnt-preview.dzcdn.net/api/1/1/f/5/6/0/f56abdcd84d83bcf1a2b9aefbb819a7e.mp3?hdnea=exp=1760157409~acl=/api/1/1/f/5/6/0/f56abdcd84d83bcf1a2b9aefbb819a7e.mp3*~data=user_id=0,application_id=42~hmac=f67caced7300891f6c021a991f9853e551a92a8b749f0e59ecc024fd414f3269",Hurry Up Tomorrow
Without a Warning,"https://cdnt-preview.dzcdn.net/api/1/1/f/4/3/0/f43c7b5c855d304889704ca3f142988b.mp3?hdnea=exp=1760157409~acl=/api/1/1/f/4/3/0/f43c7b5c855d304889704ca3f142988b.mp3*~data=user_id=0,application_id=42~hmac=2ec52ececf3da29f14d7a71cf061d73e275c1505cc268bf74bd78e15010d97b1",Hurry Up Tomorrow
Hurry Up Tomorrow,"https://cdnt-preview.dzcdn.net/api/1/1/0/7/6/0/076646e5369b7f5fdcf6b2298022e7ee.mp3?hdnea=exp=1760157409~acl=/api/1/1/0/7/6/0/076646e5369b7f5fdcf6b2298022e7ee.mp3*~data=user_id=0,application_id=42~hmac=94d7c0f6be9069f43eff0302d084f9378031bb71a70f9a090a7d334c9a180a0c",Hurry Up Tomorrow
Intro (Live),"https://cdnt-preview.dzcdn.net/api/1/1/e/8/c/0/e8c3f2f7f802aeec650f21891a5ec613.mp3?hdnea=exp=1760157409~acl=/api/1/1/e/8/c/0/e8c3f2f7f802aeec650f21891a5ec613.mp3*~data=user_id=0,application_id=42~hmac=61a073699a6ab0d6f3fe808f8db1f081c4cc84a49328359b0d5a920a02c8b78d",Live At SoFi Stadium
Alone Again (Live),"https://cdnt-preview.dzcdn.net/api/1/1/0/b/a/0/0ba513a51394833a83c7338f8c53239a.mp3?hdnea=exp=1760157409~acl=/api/1/1/0/b/a/0/0ba513a51394833a83c7338f8c53239a.mp3*~data=user_id=0,application_id=42~hmac=b9bec5183dafb18089a2de54107c1ffd106f0f90d2552ce7efbb00cd2433b05c",Live At SoFi Stadium
Gasoline (Live),"https://cdnt-preview.dzcdn.net/api/1/1/0/6/3/0/06367db89373bd14fe3f8b1ff2d5be0a.mp3?hdnea=exp=1760157409~acl=/api/1/1/0/6/3/0/06367db89373bd14fe3f8b1ff2d5be0a.mp3*~data=user_id=0,application_id=42~hmac=b3ad2e5527c510a0ccbbeb9d8b5f9f75f136ffea0b504b0f59bab3010c2b6db8",Live At SoFi Stadium
Sacrifice (Live),"https://cdnt-preview.dzcdn.net/api/1/1/2/5/7/0/257b6977672af6204ca22bfc3217de1d.mp3?hdnea=exp=1760157409~acl=/api/1/1/2/5/7/0/257b6977672af6204ca22bfc3217de1d.mp3*~data=user_id=0,application_id=42~hmac=bacdc47d96fe1cb1e31064a5c28c3ec1d6d590dcd713f89a9f0e8da9f55f0f6c",Live At SoFi Stadium
How Do I Make You Love Me? (Live),"https://cdnt-preview.dzcdn.net/api/1/1/5/b/5/0/5b55bd7edafd765286fe45a025fef969.mp3?hdnea=exp=1760157409~acl=/api/1/1/5/b/5/0/5b55bd7edafd765286fe45a025fef969.mp3*~data=user_id=0,application_id=42~hmac=2310de6a053e0b9ee5aef7995d8acfb9aa9a38ab10c1db6da34daa3ff38746c7",Live At SoFi Stadium
Can't Feel My Face (Live),"https://cdnt-preview.dzcdn.net/api/1/1/2/6/f/0/26f0f44adc875d820c8aec2a0c8cff36.mp3?hdnea=exp=1760157409~acl=/api/1/1/2/6/f/0/26f0f44adc875d820c8aec2a0c8cff36.mp3*~data=user_id=0,application_id=42~hmac=c3f5be66a0fe80f079559b453112c0d07eef2d90e64a7e9a62d7225129c3d6e7",Live At SoFi Stadium
Take My Breath (Live),"https://cdnt-preview.dzcdn.net/api/1/1/a/e/d/0/aedd94a540653eafdfdf9d182ab00e5b.mp3?hdnea=exp=1760157409~acl=/api/1/1/a/e/d/0/aedd94a540653eafdfdf9d182ab00e5b.mp3*~data=user_id=0,application_id=42~hmac=370b0f9946c8559b9781ea9b95f8f4a16f156af7e90c3a0381c86e2345534a08",Live At SoFi Stadium
Hurricane (Live),"https://cdnt-preview.dzcdn.net/api/1/1/e/2/f/0/e2f8e2cc9d9fa645cae7d4864a024d87.mp3?hdnea=exp=1760157409~acl=/api/1/1/e/2/f/0/e2f8e2cc9d9fa645cae7d4864a024d87.mp3*~data=user_id=0,application_id=42~hmac=7df33fb99ec822b1e5483b42f7d7027eb101dc375f2b640cecfbc98278de8daa",Live At SoFi Stadium
The Hills (Live),"https://cdnt-preview.dzcdn.net/api/1/1/0/7/5/0/0754948b91ea695f084ec4916bf2f2b8.mp3?hdnea=exp=1760157409~acl=/api/1/1/0/7/5/0/0754948b91ea695f084ec4916bf2f2b8.mp3*~data=user_id=0,application_id=42~hmac=33c319b0dc83b56e2bf7cb3f5b1fde020cb89868eeeaced3a84fef4a19e04183",Live At SoFi Stadium
Often (Live),"https://cdnt-preview.dzcdn.net/api/1/1/7/3/4/0/7345530fe3998331eb65492dad58f309.mp3?hdnea=exp=1760157409~acl=/api/1/1/7/3/4/0/7345530fe3998331eb65492dad58f309.mp3*~data=user_id=0,application_id=42~hmac=21fef4825d7b1ef61b0dc4edd06cf3774d03287713868c68b6e90f39a1d6e49b",Live At SoFi Stadium
Crew Love (Live),"https://cdnt-preview.dzcdn.net/api/1/1/9/c/4/0/9c4fa02e68d11bbadd37d1c0bfbc332e.mp3?hdnea=exp=1760157409~acl=/api/1/1/9/c/4/0/9c4fa02e68d11bbadd37d1c0bfbc332e.mp3*~data=user_id=0,application_id=42~hmac=5fa01e0faa5504687247c65409aa0f8ebc25b140d19b73ab458f451b7791bbff",Live At SoFi Stadium
Starboy (Live),"https://cdnt-preview.dzcdn.net/api/1/1/c/f/7/0/cf70249bfeee154b8606487ee4b432f8.mp3?hdnea=exp=1760157409~acl=/api/1/1/c/f/7/0/cf70249bfeee154b8606487ee4b432f8.mp3*~data=user_id=0,application_id=42~hmac=903dec8ee65b1da92f98d9f30ef7f19745086db5e9c4b94cc26d4cfc0a033c2c",Live At SoFi Stadium
Heartless (Live),"https://cdnt-preview.dzcdn.net/api/1/1/5/c/e/0/5ce2b02f619d787794cda2e250b936d5.mp3?hdnea=exp=1760157409~acl=/api/1/1/5/c/e/0/5ce2b02f619d787794cda2e250b936d5.mp3*~data=user_id=0,application_id=42~hmac=0cd27ece3d5bf6edede82e15dfb722a7defe0914db3797f7cd371259a574a74c",Live At SoFi Stadium
Low Life (Live),"https://cdnt-preview.dzcdn.net/api/1/1/0/d/7/0/0d779871c3cd055b0c07513f48da648d.mp3?hdnea=exp=1760157409~acl=/api/1/1/0/d/7/0/0d779871c3cd055b0c07513f48da648d.mp3*~data=user_id=0,application_id=42~hmac=91c793ff8911eaac0d499a54a39458dc922ed874025992e6e80933657861c4e8",Live At SoFi Stadium
Or Nah (Live),"https://cdnt-preview.dzcdn.net/api/1/1/9/7/2/0/9720ae9e9ecec6eece21f4f0e343e228.mp3?hdnea=exp=1760157409~acl=/api/1/1/9/7/2/0/9720ae9e9ecec6eece21f4f0e343e228.mp3*~data=user_id=0,application_id=42~hmac=dd8f8e69d2b5f4c89500b1f467326b4bc99c230692e53e1f3a07515e27a17cfd",Live At SoFi Stadium
Kiss Land (Live),"https://cdnt-preview.dzcdn.net/api/1/1/3/a/1/0/3a10f4e68a2a5e3c816c4ca959a07d10.mp3?hdnea=exp=1760157409~acl=/api/1/1/3/a/1/0/3a10f4e68a2a5e3c816c4ca959a07d10.mp3*~data=user_id=0,application_id=42~hmac=278298da9272111b78ca417876f06ee51546cb487cd18daf98a10b802ab88301",Live At SoFi Stadium
Party Monster (Live),"https://cdnt-preview.dzcdn.net/api/1/1/d/f/a/0/dfae01ec0e519b5e415cff95e6e5c58e.mp3?hdnea=exp=1760157409~acl=/api/1/1/d/f/a/0/dfae01ec0e519b5e415cff95e6e5c58e.mp3*~data=user_id=0,application_id=42~hmac=46e277b81bf154269e93c301d419e5887afcd89d858ef00c210e2879f67c7441",Live At SoFi Stadium
Faith (Live),"https://cdnt-preview.dzcdn.net/api/1/1/4/b/b/0/4bbdd837f19a543427025b66eecc7f3c.mp3?hdnea=exp=1760157409~acl=/api/1/1/4/b/b/0/4bbdd837f19a543427025b66eecc7f3c.mp3*~data=user_id=0,application_id=42~hmac=46be7e50ba694f101e647b6ce060b8c7f98d94b90fc4d52075aad35c39f1104b",Live At SoFi Stadium
After Hours (Live),"https://cdnt-preview.dzcdn.net/api/1/1/3/0/c/0/30c581fc9812cfcc946e77927dc91cd1.mp3?hdnea=exp=1760157409~acl=/api/1/1/3/0/c/0/30c581fc9812cfcc946e77927dc91cd1.mp3*~data=user_id=0,application_id=42~hmac=c77185ba03570f4f6f211e6c3823181c11bb188238c74e94f782321461482f7f",Live At SoFi Stadium
Out of Time (Live),"https://cdnt-preview.dzcdn.net/api/1/1/7/e/0/0/7e0a7fce9c1bbc350cb426de1e5ad5d2.mp3?hdnea=exp=1760157409~acl=/api/1/1/7/e/0/0/7e0a7fce9c1bbc350cb426de1e5ad5d2.mp3*~data=user_id=0,application_id=42~hmac=277ebb26d6b20edbc887f3ed5b442977587597f85f8b6f75464199669c25b7cb",Live At SoFi Stadium
I Feel It Coming (Live),"https://cdnt-preview.dzcdn.net/api/1/1/a/6/d/0/a6d6e8c99819d7f7381b158d941180b3.mp3?hdnea=exp=1760157409~acl=/api/1/1/a/6/d/0/a6d6e8c99819d7f7381b158d941180b3.mp3*~data=user_id=0,application_id=42~hmac=bd74a7bce5f869b0f67454bf6b3a4e33a1faf18e37e7b629a55c96c195f5d382",Live At SoFi Stadium
Die For You (Live),"https://cdnt-preview.dzcdn.net/api/1/1/4/c/e/0/4ce1e0c686968875a915bd3e024f1a45.mp3?hdnea=exp=1760157409~acl=/api/1/1/4/c/e/0/4ce1e0c686968875a915bd3e024f1a45.mp3*~data=user_id=0,application_id=42~hmac=7a7cb44831df5a69fe433553dff67e7b3db7eecb6f427dd2aa0932d1a1152905",Live At SoFi Stadium
Is There Someone Else? (Live),"https://cdnt-preview.dzcdn.net/api/1/1/4/d/a/0/4da6c99fb6427f76c4f0687334ddcf71.mp3?hdnea=exp=1760157409~acl=/api/1/1/4/d/a/0/4da6c99fb6427f76c4f0687334ddcf71.mp3*~data=user_id=0,application_id=42~hmac=11018edc6a1454acdcbef72a43415089314973026c2110df34a83dd7ac7198f4",Live At SoFi Stadium
I Was Never There (Live),"https://cdnt-preview.dzcdn.net/api/1/1/0/0/2/0/0020439c9799dc7e41e31b57cfb5b99f.mp3?hdnea=exp=1760157409~acl=/api/1/1/0/0/2/0/0020439c9799dc7e41e31b57cfb5b99f.mp3*~data=user_id=0,application_id=42~hmac=beb9a3384209bf01331a9a86729018cc3c498d447342f9a3a050bbdd4d8b1795",Live At SoFi Stadium
Wicked Games (Live),"https://cdnt-preview.dzcdn.net/api/1/1/1/3/2/0/1326dcb3bd82ed80f38f64e7a94505b5.mp3?hdnea=exp=1760157409~acl=/api/1/1/1/3/2/0/1326dcb3bd82ed80f38f64e7a94505b5.mp3*~data=user_id=0,application_id=42~hmac=340c822e1680ea84fa20882efbdce3cc09f33f8c43f65ec04d080f7de8551c53",Live At SoFi Stadium
Dawn FM,"https://cdnt-preview.dzcdn.net/api/1/1/d/3/9/0/d390b72122b7347e0f949458c1dee28d.mp3?hdnea=exp=1760157409~acl=/api/1/1/d/3/9/0/d390b72122b7347e0f949458c1dee28d.mp3*~data=user_id=0,application_id=42~hmac=3219b0b3d6f0df2ede5b767780bace17276ba31e92269985be195e1e594a784e",Dawn FM
Gasoline,"https://cdnt-preview.dzcdn.net/api/1/1/a/6/0/0/a60773310ab52f0cbed3c3bfbb664ed8.mp3?hdnea=exp=1760157409~acl=/api/1/1/a/6/0/0/a60773310ab52f0cbed3c3bfbb664ed8.mp3*~data=user_id=0,application_id=42~hmac=7eef11f88ac8fd0ef0883e46167ac83ad1de2d25ca5e99d97b808d44a4c0706a",Dawn FM
How Do I Make You Love Me?,"https://cdnt-preview.dzcdn.net/api/1/1/6/4/1/0/641c1bc38a4b4c4c6a63d84369850159.mp3?hdnea=exp=1760157409~acl=/api/1/1/6/4/1/0/641c1bc38a4b4c4c6a63d84369850159.mp3*~data=user_id=0,application_id=42~hmac=b901b710315b7e63d6f03087f9037fa4c3728470eac01f2f4cd1f5a2d16efae8",Dawn FM
Take My Breath,"https://cdnt-preview.dzcdn.net/api/1/1/a/d/d/0/addd866bf95cbb917c2a432c87702d29.mp3?hdnea=exp=1760157409~acl=/api/1/1/a/d/d/0/addd866bf95cbb917c2a432c87702d29.mp3*~data=user_id=0,application_id=42~hmac=9cd7895bc2233eba966d946bb435986ce649c4ce985440878d90fc787a53ea83",Dawn FM
Sacrifice,"https://cdnt-preview.dzcdn.net/api/1/1/6/1/5/0/6157b3de17f4fea81d3323dc6c3dbad1.mp3?hdnea=exp=1760157409~acl=/api/1/1/6/1/5/0/6157b3de17f4fea81d3323dc6c3dbad1.mp3*~data=user_id=0,application_id=42~hmac=306c4d5417daeefd3e1f0c68e0271a0edc5ee18e93843704691713db4e3cdef2",Dawn FM
A Tale By Quincy,"https://cdnt-preview.dzcdn.net/api/1/1/c/9/8/0/c985efeec92c38d2233e0c290e1a4b73.mp3?hdnea=exp=1760157409~acl=/api/1/1/c/9/8/0/c985efeec92c38d2233e0c290e1a4b73.mp3*~data=user_id=0,application_id=42~hmac=3b26c607a922dbd7d6ebc9b769ce97abbcb282d2a86d39893d6900fd9067fadd",Dawn FM
Out of Time,"https://cdnt-preview.dzcdn.net/api/1/1/3/5/e/0/35ebdf808eadd7593b57f1c058d77cdb.mp3?hdnea=exp=1760157409~acl=/api/1/1/3/5/e/0/35ebdf808eadd7593b57f1c058d77cdb.mp3*~data=user_id=0,application_id=42~hmac=cbc4b7060ae214bc9575627515b272f935c2df40bf88a5ee3104d16f03e9cd41",Dawn FM
Here We Go… Again,"https://cdnt-preview.dzcdn.net/api/1/1/1/2/5/0/1254b23ec0db2392046848d7e568a875.mp3?hdnea=exp=1760157409~acl=/api/1/1/1/2/5/0/1254b23ec0db2392046848d7e568a875.mp3*~data=user_id=0,application_id=42~hmac=2ececa8cae6da8460848c19d7ddaeb1a23a2d12c861401fa3e329e9f82f3bb87",Dawn FM
Best Friends,"https://cdnt-preview.dzcdn.net/api/1/1/6/b/8/0/6b80eeec87a2f2fe553fcd324e549b43.mp3?hdnea=exp=1760157409~acl=/api/1/1/6/b/8/0/6b80eeec87a2f2fe553fcd324e549b43.mp3*~data=user_id=0,application_id=42~hmac=0726af0ef88c59b86bf8da34d810e02dbff7b602d8b6ce6dfbc274fa7a64c6da",Dawn FM
Is There Someone Else?,"https://cdnt-preview.dzcdn.net/api/1/1/3/4/6/0/3463584de4ba0dc7fd1797dec187b671.mp3?hdnea=exp=1760157409~acl=/api/1/1/3/4/6/0/3463584de4ba0dc7fd1797dec187b671.mp3*~data=user_id=0,application_id=42~hmac=c2861166ec8fbf4fb98777d8b98eabcb90dc940824097a0af606e5cbd3173bf1",Dawn FM
Starry Eyes,"https://cdnt-preview.dzcdn.net/api/1/1/0/6/7/0/067347dd56a1c072835f939fd5815c19.mp3?hdnea=exp=1760157409~acl=/api/1/1/0/6/7/0/067347dd56a1c072835f939fd5815c19.mp3*~data=user_id=0,application_id=42~hmac=77c2d04758918981068c1c1189aad2df5bc721aad230e3564f3ef6ed4d0fca80",Dawn FM
Every Angel is Terrifying,"https://cdnt-preview.dzcdn.net/api/1/1/e/f/5/0/ef5a3b06d78dad20b02aa5afc5772410.mp3?hdnea=exp=1760157409~acl=/api/1/1/e/f/5/0/ef5a3b06d78dad20b02aa5afc5772410.mp3*~data=user_id=0,application_id=42~hmac=5134fa29184c81950d09e5e74410f38e9c2f5c27af1b2e8d46c446581a1de95e",Dawn FM
Don’t Break My Heart,"https://cdnt-preview.dzcdn.net/api/1/1/6/2/b/0/62b620196220c6413d265542193c3f7e.mp3?hdnea=exp=1760157409~acl=/api/1/1/6/2/b/0/62b620196220c6413d265542193c3f7e.mp3*~data=user_id=0,application_id=42~hmac=3324399551d7ac73fafbf42a4624a4cf8d35b4e53cbec24e7b18d6cba9832b53",Dawn FM
I Heard You’re Married,"https://cdnt-preview.dzcdn.net/api/1/1/c/d/7/0/cd7f2f67eb3e889c20fc082e61e172be.mp3?hdnea=exp=1760157409~acl=/api/1/1/c/d/7/0/cd7f2f67eb3e889c20fc082e61e172be.mp3*~data=user_id=0,application_id=42~hmac=27baadaefde3ae70cc50a030ccfacb944bae4ad0d7c4d98a0975446a3731add6",Dawn FM
Less Than Zero,"https://cdnt-preview.dzcdn.net/api/1/1/f/6/2/0/f62276b00d3dedda071c40f36fae7f3d.mp3?hdnea=exp=1760157409~acl=/api/1/1/f/6/2/0/f62276b00d3dedda071c40f36fae7f3d.mp3*~data=user_id=0,application_id=42~hmac=27bca8cff383ab528cb555e4fa7986915d8c3896b63fcce87eac92533c8a88cd",Dawn FM
Phantom Regret by Jim,"https://cdnt-preview.dzcdn.net/api/1/1/5/3/0/0/5306b43d87ea2e39c8019420a8dae4c4.mp3?hdnea=exp=1760157409~acl=/api/1/1/5/3/0/0/5306b43d87ea2e39c8019420a8dae4c4.mp3*~data=user_id=0,application_id=42~hmac=cb5b251e811b1a0296d0c752dd4a1cf19060b9399756f95ab5e03ff644f36b3c",Dawn FM
Dawn FM,"https://cdnt-preview.dzcdn.net/api/1/1/d/3/9/0/d390b72122b7347e0f949458c1dee28d.mp3?hdnea=exp=1760157409~acl=/api/1/1/d/3/9/0/d390b72122b7347e0f949458c1dee28d.mp3*~data=user_id=0,application_id=42~hmac=3219b0b3d6f0df2ede5b767780bace17276ba31e92269985be195e1e594a784e",Dawn FM (Alternate World)
Gasoline,"https://cdnt-preview.dzcdn.net/api/1/1/a/6/0/0/a60773310ab52f0cbed3c3bfbb664ed8.mp3?hdnea=exp=1760157409~acl=/api/1/1/a/6/0/0/a60773310ab52f0cbed3c3bfbb664ed8.mp3*~data=user_id=0,application_id=42~hmac=7eef11f88ac8fd0ef0883e46167ac83ad1de2d25ca5e99d97b808d44a4c0706a",Dawn FM (Alternate World)
How Do I Make You Love Me?,"https://cdnt-preview.dzcdn.net/api/1/1/6/4/1/0/641c1bc38a4b4c4c6a63d84369850159.mp3?hdnea=exp=1760157409~acl=/api/1/1/6/4/1/0/641c1bc38a4b4c4c6a63d84369850159.mp3*~data=user_id=0,application_id=42~hmac=b901b710315b7e63d6f03087f9037fa4c3728470eac01f2f4cd1f5a2d16efae8",Dawn FM (Alternate World)
Take My Breath,"https://cdnt-preview.dzcdn.net/api/1/1/a/d/d/0/addd866bf95cbb917c2a432c87702d29.mp3?hdnea=exp=1760157409~acl=/api/1/1/a/d/d/0/addd866bf95cbb917c2a432c87702d29.mp3*~data=user_id=0,application_id=42~hmac=9cd7895bc2233eba966d946bb435986ce649c4ce985440878d90fc787a53ea83",Dawn FM (Alternate World)
Sacrifice,"https://cdnt-preview.dzcdn.net/api/1/1/6/1/5/0/6157b3de17f4fea81d3323dc6c3dbad1.mp3?hdnea=exp=1760157409~acl=/api/1/1/6/1/5/0/6157b3de17f4fea81d3323dc6c3dbad1.mp3*~data=user_id=0,application_id=42~hmac=306c4d5417daeefd3e1f0c68e0271a0edc5ee18e93843704691713db4e3cdef2",Dawn FM (Alternate World)
A Tale By Quincy,"https://cdnt-preview.dzcdn.net/api/1/1/c/9/8/0/c985efeec92c38d2233e0c290e1a4b73.mp3?hdnea=exp=1760157409~acl=/api/1/1/c/9/8/0/c985efeec92c38d2233e0c290e1a4b73.mp3*~data=user_id=0,application_id=42~hmac=3b26c607a922dbd7d6ebc9b769ce97abbcb282d2a86d39893d6900fd9067fadd",Dawn FM (Alternate World)
Out of Time,"https://cdnt-preview.dzcdn.net/api/1/1/3/5/e/0/35ebdf808eadd7593b57f1c058d77cdb.mp3?hdnea=exp=1760157409~acl=/api/1/1/3/5/e/0/35ebdf808eadd7593b57f1c058d77cdb.mp3*~data=user_id=0,application_id=42~hmac=cbc4b7060ae214bc9575627515b272f935c2df40bf88a5ee3104d16f03e9cd41",Dawn FM (Alternate World)
Here We Go… Again,"https://cdnt-preview.dzcdn.net/api/1/1/1/2/5/0/1254b23ec0db2392046848d7e568a875.mp3?hdnea=exp=1760157409~acl=/api/1/1/1/2/5/0/1254b23ec0db2392046848d7e568a875.mp3*~data=user_id=0,application_id=42~hmac=2ececa8cae6da8460848c19d7ddaeb1a23a2d12c861401fa3e329e9f82f3bb87",Dawn FM (Alternate World)
Best Friends,"https://cdnt-preview.dzcdn.net/api/1/1/6/b/8/0/6b80eeec87a2f2fe553fcd324e549b43.mp3?hdnea=exp=1760157409~acl=/api/1/1/6/b/8/0/6b80eeec87a2f2fe553fcd324e549b43.mp3*~data=user_id=0,application_id=42~hmac=0726af0ef88c59b86bf8da34d810e02dbff7b602d8b6ce6dfbc274fa7a64c6da",Dawn FM (Alternate World)
Is There Someone Else?,"https://cdnt-preview.dzcdn.net/api/1/1/3/4/6/0/3463584de4ba0dc7fd1797dec187b671.mp3?hdnea=exp=1760157409~acl=/api/1/1/3/4/6/0/3463584de4ba0dc7fd1797dec187b671.mp3*~data=user_id=0,application_id=42~hmac=c2861166ec8fbf4fb98777d8b98eabcb90dc940824097a0af606e5cbd3173bf1",Dawn FM (Alternate World)
Starry Eyes,"https://cdnt-preview.dzcdn.net/api/1/1/0/6/7/0/067347dd56a1c072835f939fd5815c19.mp3?hdnea=exp=1760157409~acl=/api/1/1/0/6/7/0/067347dd56a1c072835f939fd5815c19.mp3*~data=user_id=0,application_id=42~hmac=77c2d04758918981068c1c1189aad2df5bc721aad230e3564f3ef6ed4d0fca80",Dawn FM (Alternate World)
Every Angel is Terrifying,"https://cdnt-preview.dzcdn.net/api/1/1/e/f/5/0/ef5a3b06d78dad20b02aa5afc5772410.mp3?hdnea=exp=1760157409~acl=/api/1/1/e/f/5/0/ef5a3b06d78dad20b02aa5afc5772410.mp3*~data=user_id=0,application_id=42~hmac=5134fa29184c81950d09e5e74410f38e9c2f5c27af1b2e8d46c446581a1de95e",Dawn FM (Alternate World)
Don’t Break My Heart,"https://cdnt-preview.dzcdn.net/api/1/1/6/2/b/0/62b620196220c6413d265542193c3f7e.mp3?hdnea=exp=1760157409~acl=/api/1/1/6/2/b/0/62b620196220c6413d265542193c3f7e.mp3*~data=user_id=0,application_id=42~hmac=3324399551d7ac73fafbf42a4624a4cf8d35b4e53cbec24e7b18d6cba9832b53",Dawn FM (Alternate World)
I Heard You’re Married,"https://cdnt-preview.dzcdn.net/api/1/1/f/f/c/0/ffc73121de12e2927206a5716fa7c34b.mp3?hdnea=exp=1760157409~acl=/api/1/1/f/f/c/0/ffc73121de12e2927206a5716fa7c34b.mp3*~data=user_id=0,application_id=42~hmac=4c2b5dd60cc72226b04766e6244ce9ba7c7f8d87f0e14596b8740b1606ce6c9b",Dawn FM (Alternate World)
Less Than Zero,"https://cdnt-preview.dzcdn.net/api/1/1/f/6/2/0/f62276b00d3dedda071c40f36fae7f3d.mp3?hdnea=exp=1760157409~acl=/api/1/1/f/6/2/0/f62276b00d3dedda071c40f36fae7f3d.mp3*~data=user_id=0,application_id=42~hmac=27bca8cff383ab528cb555e4fa7986915d8c3896b63fcce87eac92533c8a88cd",Dawn FM (Alternate World)
Phantom Regret by Jim,"https://cdnt-preview.dzcdn.net/api/1/1/5/3/0/0/5306b43d87ea2e39c8019420a8dae4c4.mp3?hdnea=exp=1760157409~acl=/api/1/1/5/3/0/0/5306b43d87ea2e39c8019420a8dae4c4.mp3*~data=user_id=0,application_id=42~hmac=cb5b251e811b1a0296d0c752dd4a1cf19060b9399756f95ab5e03ff644f36b3c",Dawn FM (Alternate World)
Moth To A Flame,"https://cdnt-preview.dzcdn.net/api/1/1/1/d/d/0/1dd75e1fdd79055dabfd9749f36e7a3f.mp3?hdnea=exp=1760157409~acl=/api/1/1/1/d/d/0/1dd75e1fdd79055dabfd9749f36e7a3f.mp3*~data=user_id=0,application_id=42~hmac=d1cc093aad2cbc83b8a6d8897a20b7fcbe3a25270b68c20fdcd18b55fa36225a",Dawn FM (Alternate World)
Dawn FM (OPN Remix),"https://cdnt-preview.dzcdn.net/api/1/1/8/c/e/0/8cedd13ed9ed1a052953d9f8dcbef9f6.mp3?hdnea=exp=1760157409~acl=/api/1/1/8/c/e/0/8cedd13ed9ed1a052953d9f8dcbef9f6.mp3*~data=user_id=0,application_id=42~hmac=2a4f55e375abcb85a6c2d945db315adcffe851a2ede64960e1cbd908c80e4656",Dawn FM (Alternate World)
How Do I Make You Love Me? (Sebastian Ingrosso & Salvatore Ganacci Remix),"https://cdnt-preview.dzcdn.net/api/1/1/e/e/6/0/ee6acdbcb8273bf3fb7a2f3af94d30f9.mp3?hdnea=exp=1760157409~acl=/api/1/1/e/e/6/0/ee6acdbcb8273bf3fb7a2f3af94d30f9.mp3*~data=user_id=0,application_id=42~hmac=8156714342e97c66e6b58814f3b36b9fddc9f0367e5f432cb1b68e51db204eb0",Dawn FM (Alternate World)
Sacrifice (Remix),"https://cdnt-preview.dzcdn.net/api/1/1/4/c/a/0/4ca73c07d9e7aa62ca4b57cecf8cd1b1.mp3?hdnea=exp=1760157409~acl=/api/1/1/4/c/a/0/4ca73c07d9e7aa62ca4b57cecf8cd1b1.mp3*~data=user_id=0,application_id=42~hmac=8c8bbc7106573232d9e520006798cf7e528e57ef49f59b34f183d3910d3682ea",Dawn FM (Alternate World)
Out of Time (KAYTRANADA Remix),"https://cdnt-preview.dzcdn.net/api/1/1/6/9/c/0/69ca8e8e9b6a463d3ac111fc5d6e9782.mp3?hdnea=exp=1760157409~acl=/api/1/1/6/9/c/0/69ca8e8e9b6a463d3ac111fc5d6e9782.mp3*~data=user_id=0,application_id=42~hmac=7cb0253439a1e1df30bb58fcc17e585d0f7d28e3253e7153271bdff529255d31",Dawn FM (Alternate World)
Best Friends (Remix),"https://cdnt-preview.dzcdn.net/api/1/1/1/b/4/0/1b4570e26f9239966133748bb2adf13a.mp3?hdnea=exp=1760157409~acl=/api/1/1/1/b/4/0/1b4570e26f9239966133748bb2adf13a.mp3*~data=user_id=0,application_id=42~hmac=5c6e98e34fadf0cc1b548522f4bf5c83a857f5ce77dc34694c0b424789e182e1",Dawn FM (Alternate World)
Starry Eyes (MIKE DEAN Remix),"https://cdnt-preview.dzcdn.net/api/1/1/2/a/a/0/2aa59fb680487483b831b1a94f3892cf.mp3?hdnea=exp=1760157409~acl=/api/1/1/2/a/a/0/2aa59fb680487483b831b1a94f3892cf.mp3*~data=user_id=0,application_id=42~hmac=05861fb0916cd01f806d86d017e36bed73ec0c900665a0834ac26826d83dc756",Dawn FM (Alternate World)
Take My Breath (Single Version),"https://cdnt-preview.dzcdn.net/api/1/1/a/c/d/0/acd7b930a4d9152d1f0a6f48b247b213.mp3?hdnea=exp=1760157409~acl=/api/1/1/a/c/d/0/acd7b930a4d9152d1f0a6f48b247b213.mp3*~data=user_id=0,application_id=42~hmac=1b5551c873bc61aea48e6b946d0a06254018fb8679df7e36efb5945441b3c21b",Dawn FM (Alternate World)
Save Your Tears,"https://cdnt-preview.dzcdn.net/api/1/1/d/2/b/0/d2b7b9955223fce4fbf351d9102b7071.mp3?hdnea=exp=1760157410~acl=/api/1/1/d/2/b/0/d2b7b9955223fce4fbf351d9102b7071.mp3*~data=user_id=0,application_id=42~hmac=140f4d4d532cdf7d1ad037a078813904027bf43aedea72dcb8dfdada57cc4c74",The Highlights
Blinding Lights,"https://cdnt-preview.dzcdn.net/api/1/1/0/a/0/0/0a01308a9811f0d6e404daef42e1d15f.mp3?hdnea=exp=1760157410~acl=/api/1/1/0/a/0/0/0a01308a9811f0d6e404daef42e1d15f.mp3*~data=user_id=0,application_id=42~hmac=f81db2196e4ba9a0215844099a5599ca5f4806f15c175bd3861c244acc9dc8bc",The Highlights
In Your Eyes,"https://cdnt-preview.dzcdn.net/api/1/1/2/0/2/0/2029781c1f10a30a686ceef3d0f2c895.mp3?hdnea=exp=1760157410~acl=/api/1/1/2/0/2/0/2029781c1f10a30a686ceef3d0f2c895.mp3*~data=user_id=0,application_id=42~hmac=7f99f7fd941474cdebaee7fa05f73d058e2ee65d9ce71935ffb78e8259dafcea",The Highlights
Can't Feel My Face,"https://cdnt-preview.dzcdn.net/api/1/1/c/1/7/0/c17a6cc0b9680dde0965aa54fd1ee65d.mp3?hdnea=exp=1760157410~acl=/api/1/1/c/1/7/0/c17a6cc0b9680dde0965aa54fd1ee65d.mp3*~data=user_id=0,application_id=42~hmac=e38d29109939de5d8576188db3c6dfde3eb254c8b30c8e90c0f8cd51e5b0db96",The Highlights
I Feel It Coming,"https://cdnt-preview.dzcdn.net/api/1/1/c/d/3/0/cd39013f7f13f0f14819db7ecb52868b.mp3?hdnea=exp=1760157410~acl=/api/1/1/c/d/3/0/cd39013f7f13f0f14819db7ecb52868b.mp3*~data=user_id=0,application_id=42~hmac=7887b53861887ace131b9211919a62adb44b2d0f808d0d1037d722cb9edec92c",The Highlights
Starboy,"https://cdnt-preview.dzcdn.net/api/1/1/3/c/b/0/3cb99aebefdc274fc7ff400f7b823127.mp3?hdnea=exp=1760157410~acl=/api/1/1/3/c/b/0/3cb99aebefdc274fc7ff400f7b823127.mp3*~data=user_id=0,application_id=42~hmac=8a087f6ee0adcf5e2b1fba279b3c643c67602aecbec311aba3b0957ee3a5b813",The Highlights
Pray For Me,"https://cdnt-preview.dzcdn.net/api/1/1/4/9/2/0/492d20ca16708cb5c80415a22f8d4033.mp3?hdnea=exp=1760157410~acl=/api/1/1/4/9/2/0/492d20ca16708cb5c80415a22f8d4033.mp3*~data=user_id=0,application_id=42~hmac=e4a9682b8dc4978d1d2991a4057fde2e60e298a5f12d522686922c28caae36ba",The Highlights
Heartless,"https://cdnt-preview.dzcdn.net/api/1/1/a/5/4/0/a54a1397a8df07727e4fcf0cf3a49d57.mp3?hdnea=exp=1760157410~acl=/api/1/1/a/5/4/0/a54a1397a8df07727e4fcf0cf3a49d57.mp3*~data=user_id=0,application_id=42~hmac=59dd5632d6995daacdf8e41c06c8ff71b871af8ef08176fd200cd48069a2a32b",The Highlights
Often,"https://cdnt-preview.dzcdn.net/api/1/1/0/b/0/0/0b0173dc5970713c16f4d94a05f05320.mp3?hdnea=exp=1760157410~acl=/api/1/1/0/b/0/0/0b0173dc5970713c16f4d94a05f05320.mp3*~data=user_id=0,application_id=42~hmac=1da28932dcb53f9f474a048304e2554d8729e0e07ca5d630d2d926d254be4a01",The Highlights
The Hills,"https://cdnt-preview.dzcdn.net/api/1/1/3/f/4/0/3f4b22b64300b7e312511632fcba667a.mp3?hdnea=exp=1760157410~acl=/api/1/1/3/f/4/0/3f4b22b64300b7e312511632fcba667a.mp3*~data=user_id=0,application_id=42~hmac=f12eccffa27a1701bd183537507bb66911058814d0d741537db53bcd1933c399",The Highlights
Call Out My Name,"https://cdnt-preview.dzcdn.net/api/1/1/a/e/9/0/ae9731e13e9b2f018396dc6f2fbe160e.mp3?hdnea=exp=1760157410~acl=/api/1/1/a/e/9/0/ae9731e13e9b2f018396dc6f2fbe160e.mp3*~data=user_id=0,application_id=42~hmac=08be2673d7bac491e81b5b67c29953e300771aa5aa474f8b675e10ae73e62991",The Highlights
Die For You,"https://cdnt-preview.dzcdn.net/api/1/1/0/1/9/0/0198c8848c07d754a9ca8fd34638ed70.mp3?hdnea=exp=1760157410~acl=/api/1/1/0/1/9/0/0198c8848c07d754a9ca8fd34638ed70.mp3*~data=user_id=0,application_id=42~hmac=3cf9360d6ecb5562bd9a17840f74b7bd77d98c06635258c91bf022b2120a64de",The Highlights
Earned It (Fifty Shades Of Grey),"https://cdnt-preview.dzcdn.net/api/1/1/c/e/b/0/ceb23066568a0a0fa4faf93b3d9773b7.mp3?hdnea=exp=1760157410~acl=/api/1/1/c/e/b/0/ceb23066568a0a0fa4faf93b3d9773b7.mp3*~data=user_id=0,application_id=42~hmac=7df1fa74735f1540e4a0834a8ce43be65293c64d58a6582301ce05c8ae62bd8f",The Highlights
Love Me Harder,"https://cdnt-preview.dzcdn.net/api/1/1/0/0/a/0/00aba55b44625ee0c69d7255ead733b7.mp3?hdnea=exp=1760157410~acl=/api/1/1/0/0/a/0/00aba55b44625ee0c69d7255ead733b7.mp3*~data=user_id=0,application_id=42~hmac=fd8f74acbf25046078a24ee9237535528598c24fd925564e9bcf70847fcda2cd",The Highlights
Acquainted,"https://cdnt-preview.dzcdn.net/api/1/1/9/e/b/0/9ebe3d88e40ca49d9dd723a426676b3b.mp3?hdnea=exp=1760157410~acl=/api/1/1/9/e/b/0/9ebe3d88e40ca49d9dd723a426676b3b.mp3*~data=user_id=0,application_id=42~hmac=8dd5817abe7f0f8fbadda077a28751d3814579aeca0c8fbd29c759c41d1fc811",The Highlights
Wicked Games,"https://cdnt-preview.dzcdn.net/api/1/1/c/e/0/0/ce03abf49e29bfcffb4461047ae05f1a.mp3?hdnea=exp=1760157410~acl=/api/1/1/c/e/0/0/ce03abf49e29bfcffb4461047ae05f1a.mp3*~data=user_id=0,application_id=42~hmac=6d3f8f46576d22fbeacb84d45ee7cc6e2a7116633f6746771118aeb91944099f",The Highlights
The Morning,"https://cdnt-preview.dzcdn.net/api/1/1/d/3/6/0/d361d1ed416b1d91acfefe04ccd01816.mp3?hdnea=exp=1760157410~acl=/api/1/1/d/3/6/0/d361d1ed416b1d91acfefe04ccd01816.mp3*~data=user_id=0,application_id=42~hmac=d7a7d9d0e2cdad7a7903b9869467278466190789ba9ad79fde73d1ec60b007a4",The Highlights
After Hours,"https://cdnt-preview.dzcdn.net/api/1/1/b/7/2/0/b72d16f07ab62463ceacfaadda4be1e5.mp3?hdnea=exp=1760157410~acl=/api/1/1/b/7/2/0/b72d16f07ab62463ceacfaadda4be1e5.mp3*~data=user_id=0,application_id=42~hmac=92dbcfc2c4bdc3f7ff49690b71e1665ca122d617dca628945ffbf00045c128b3",The Highlights
Die For You,"https://cdnt-preview.dzcdn.net/api/1/1/0/1/9/0/0198c8848c07d754a9ca8fd34638ed70.mp3?hdnea=exp=1760157410~acl=/api/1/1/0/1/9/0/0198c8848c07d754a9ca8fd34638ed70.mp3*~data=user_id=0,application_id=42~hmac=3cf9360d6ecb5562bd9a17840f74b7bd77d98c06635258c91bf022b2120a64de",The Highlights (Deluxe)
Starboy,"https://cdnt-preview.dzcdn.net/api/1/1/3/c/b/0/3cb99aebefdc274fc7ff400f7b823127.mp3?hdnea=exp=1760157410~acl=/api/1/1/3/c/b/0/3cb99aebefdc274fc7ff400f7b823127.mp3*~data=user_id=0,application_id=42~hmac=8a087f6ee0adcf5e2b1fba279b3c643c67602aecbec311aba3b0957ee3a5b813",The Highlights (Deluxe)
Save Your Tears,"https://cdnt-preview.dzcdn.net/api/1/1/d/2/b/0/d2b7b9955223fce4fbf351d9102b7071.mp3?hdnea=exp=1760157410~acl=/api/1/1/d/2/b/0/d2b7b9955223fce4fbf351d9102b7071.mp3*~data=user_id=0,application_id=42~hmac=140f4d4d532cdf7d1ad037a078813904027bf43aedea72dcb8dfdada57cc4c74",The Highlights (Deluxe)
Blinding Lights,"https://cdnt-preview.dzcdn.net/api/1/1/0/a/0/0/0a01308a9811f0d6e404daef42e1d15f.mp3?hdnea=exp=1760157410~acl=/api/1/1/0/a/0/0/0a01308a9811f0d6e404daef42e1d15f.mp3*~data=user_id=0,application_id=42~hmac=f81db2196e4ba9a0215844099a5599ca5f4806f15c175bd3861c244acc9dc8bc",The Highlights (Deluxe)
In Your Eyes,"https://cdnt-preview.dzcdn.net/api/1/1/2/0/2/0/2029781c1f10a30a686ceef3d0f2c895.mp3?hdnea=exp=1760157410~acl=/api/1/1/2/0/2/0/2029781c1f10a30a686ceef3d0f2c895.mp3*~data=user_id=0,application_id=42~hmac=7f99f7fd941474cdebaee7fa05f73d058e2ee65d9ce71935ffb78e8259dafcea",The Highlights (Deluxe)
Wicked Games,"https://cdnt-preview.dzcdn.net/api/1/1/c/e/0/0/ce03abf49e29bfcffb4461047ae05f1a.mp3?hdnea=exp=1760157410~acl=/api/1/1/c/e/0/0/ce03abf49e29bfcffb4461047ae05f1a.mp3*~data=user_id=0,application_id=42~hmac=6d3f8f46576d22fbeacb84d45ee7cc6e2a7116633f6746771118aeb91944099f",The Highlights (Deluxe)
Can't Feel My Face,"https://cdnt-preview.dzcdn.net/api/1/1/c/1/7/0/c17a6cc0b9680dde0965aa54fd1ee65d.mp3?hdnea=exp=1760157410~acl=/api/1/1/c/1/7/0/c17a6cc0b9680dde0965aa54fd1ee65d.mp3*~data=user_id=0,application_id=42~hmac=e38d29109939de5d8576188db3c6dfde3eb254c8b30c8e90c0f8cd51e5b0db96",The Highlights (Deluxe)
I Feel It Coming,"https://cdnt-preview.dzcdn.net/api/1/1/c/d/3/0/cd39013f7f13f0f14819db7ecb52868b.mp3?hdnea=exp=1760157410~acl=/api/1/1/c/d/3/0/cd39013f7f13f0f14819db7ecb52868b.mp3*~data=user_id=0,application_id=42~hmac=7887b53861887ace131b9211919a62adb44b2d0f808d0d1037d722cb9edec92c",The Highlights (Deluxe)
Pray For Me,"https://cdnt-preview.dzcdn.net/api/1/1/4/9/2/0/492d20ca16708cb5c80415a22f8d4033.mp3?hdnea=exp=1760157410~acl=/api/1/1/4/9/2/0/492d20ca16708cb5c80415a22f8d4033.mp3*~data=user_id=0,application_id=42~hmac=e4a9682b8dc4978d1d2991a4057fde2e60e298a5f12d522686922c28caae36ba",The Highlights (Deluxe)
Heartless,"https://cdnt-preview.dzcdn.net/api/1/1/a/5/4/0/a54a1397a8df07727e4fcf0cf3a49d57.mp3?hdnea=exp=1760157410~acl=/api/1/1/a/5/4/0/a54a1397a8df07727e4fcf0cf3a49d57.mp3*~data=user_id=0,application_id=42~hmac=59dd5632d6995daacdf8e41c06c8ff71b871af8ef08176fd200cd48069a2a32b",The Highlights (Deluxe)
The Hills,"https://cdnt-preview.dzcdn.net/api/1/1/3/f/4/0/3f4b22b64300b7e312511632fcba667a.mp3?hdnea=exp=1760157410~acl=/api/1/1/3/f/4/0/3f4b22b64300b7e312511632fcba667a.mp3*~data=user_id=0,application_id=42~hmac=f12eccffa27a1701bd183537507bb66911058814d0d741537db53bcd1933c399",The Highlights (Deluxe)
The Morning,"https://cdnt-preview.dzcdn.net/api/1/1/d/3/6/0/d361d1ed416b1d91acfefe04ccd01816.mp3?hdnea=exp=1760157410~acl=/api/1/1/d/3/6/0/d361d1ed416b1d91acfefe04ccd01816.mp3*~data=user_id=0,application_id=42~hmac=d7a7d9d0e2cdad7a7903b9869467278466190789ba9ad79fde73d1ec60b007a4",The Highlights (Deluxe)
Call Out My Name,"https://cdnt-preview.dzcdn.net/api/1/1/a/e/9/0/ae9731e13e9b2f018396dc6f2fbe160e.mp3?hdnea=exp=1760157410~acl=/api/1/1/a/e/9/0/ae9731e13e9b2f018396dc6f2fbe160e.mp3*~data=user_id=0,application_id=42~hmac=08be2673d7bac491e81b5b67c29953e300771aa5aa474f8b675e10ae73e62991",The Highlights (Deluxe)
Often,"https://cdnt-preview.dzcdn.net/api/1/1/0/b/0/0/0b0173dc5970713c16f4d94a05f05320.mp3?hdnea=exp=1760157410~acl=/api/1/1/0/b/0/0/0b0173dc5970713c16f4d94a05f05320.mp3*~data=user_id=0,application_id=42~hmac=1da28932dcb53f9f474a048304e2554d8729e0e07ca5d630d2d926d254be4a01",The Highlights (Deluxe)
Love Me Harder,"https://cdnt-preview.dzcdn.net/api/1/1/0/0/a/0/00aba55b44625ee0c69d7255ead733b7.mp3?hdnea=exp=1760157410~acl=/api/1/1/0/0/a/0/00aba55b44625ee0c69d7255ead733b7.mp3*~data=user_id=0,application_id=42~hmac=fd8f74acbf25046078a24ee9237535528598c24fd925564e9bcf70847fcda2cd",The Highlights (Deluxe)
Earned It (Fifty Shades Of Grey),"https://cdnt-preview.dzcdn.net/api/1/1/c/e/b/0/ceb23066568a0a0fa4faf93b3d9773b7.mp3?hdnea=exp=1760157410~acl=/api/1/1/c/e/b/0/ceb23066568a0a0fa4faf93b3d9773b7.mp3*~data=user_id=0,application_id=42~hmac=7df1fa74735f1540e4a0834a8ce43be65293c64d58a6582301ce05c8ae62bd8f",The Highlights (Deluxe)
Acquainted,"https://cdnt-preview.dzcdn.net/api/1/1/9/e/b/0/9ebe3d88e40ca49d9dd723a426676b3b.mp3?hdnea=exp=1760157410~acl=/api/1/1/9/e/b/0/9ebe3d88e40ca49d9dd723a426676b3b.mp3*~data=user_id=0,application_id=42~hmac=8dd5817abe7f0f8fbadda077a28751d3814579aeca0c8fbd29c759c41d1fc811",The Highlights (Deluxe)
After Hours,"https://cdnt-preview.dzcdn.net/api/1/1/b/7/2/0/b72d16f07ab62463ceacfaadda4be1e5.mp3?hdnea=exp=1760157410~acl=/api/1/1/b/7/2/0/b72d16f07ab62463ceacfaadda4be1e5.mp3*~data=user_id=0,application_id=42~hmac=92dbcfc2c4bdc3f7ff49690b71e1665ca122d617dca628945ffbf00045c128b3",The Highlights (Deluxe)
One Of The Girls,"https://cdnt-preview.dzcdn.net/api/1/1/f/d/1/0/fd19a606445e9af91792b846b9224fa7.mp3?hdnea=exp=1760157410~acl=/api/1/1/f/d/1/0/fd19a606445e9af91792b846b9224fa7.mp3*~data=user_id=0,application_id=42~hmac=7e8284d26cd4f1efd207114a02a1c895bef89ffcaa023010237f7a3f666b955f",The Highlights (Deluxe)
Popular,"https://cdnt-preview.dzcdn.net/api/1/1/1/4/d/0/14d53aa16b2d8f395108c3943ed9a0d5.mp3?hdnea=exp=1760157410~acl=/api/1/1/1/4/d/0/14d53aa16b2d8f395108c3943ed9a0d5.mp3*~data=user_id=0,application_id=42~hmac=9c0239a14a64c6be47665e6f862100ac474e4b29547c8e71af1e573349fb0767",The Highlights (Deluxe)
I Was Never There,"https://cdnt-preview.dzcdn.net/api/1/1/6/3/5/0/635bd97e67205f5ca5c4b189bd18ee59.mp3?hdnea=exp=1760157410~acl=/api/1/1/6/3/5/0/635bd97e67205f5ca5c4b189bd18ee59.mp3*~data=user_id=0,application_id=42~hmac=9fa6f80f1c16eeeeb4db562acf938aa2f2389e51ce2c2c61b76f62230fc9aff1",The Highlights (Deluxe)
House Of Balloons / Glass Table Girls,"https://cdnt-preview.dzcdn.net/api/1/1/3/4/7/0/34757dbdd2342373db95ec67d09704ee.mp3?hdnea=exp=1760157410~acl=/api/1/1/3/4/7/0/34757dbdd2342373db95ec67d09704ee.mp3*~data=user_id=0,application_id=42~hmac=78b1631b4db02e4cada774c6e80d2fb507e75b0b77d7b8058dcc402e17e45daa",The Highlights (Deluxe)
Less Than Zero,"https://cdnt-preview.dzcdn.net/api/1/1/f/6/2/0/f62276b00d3dedda071c40f36fae7f3d.mp3?hdnea=exp=1760157410~acl=/api/1/1/f/6/2/0/f62276b00d3dedda071c40f36fae7f3d.mp3*~data=user_id=0,application_id=42~hmac=2beebe536e02d5072d14f6d0f05e6d86e379967d165081f2792c4860c7cae9e6",The Highlights (Deluxe)
Is There Someone Else?,"https://cdnt-preview.dzcdn.net/api/1/1/3/4/6/0/3463584de4ba0dc7fd1797dec187b671.mp3?hdnea=exp=1760157410~acl=/api/1/1/3/4/6/0/3463584de4ba0dc7fd1797dec187b671.mp3*~data=user_id=0,application_id=42~hmac=7a47fd10b39b373672b42f57d78c7c04b1f4f9f4928df022360b50dda1bc886e",The Highlights (Deluxe)
Party Monster,"https://cdnt-preview.dzcdn.net/api/1/1/0/e/7/0/0e79296f0d62d698f6d6953c302b8914.mp3?hdnea=exp=1760157410~acl=/api/1/1/0/e/7/0/0e79296f0d62d698f6d6953c302b8914.mp3*~data=user_id=0,application_id=42~hmac=e441d6a9097ef3b858793a5eec8c56fdfd16dab9cc5fc986713d89c6ef2fafa1",The Highlights (Deluxe)
Alone Again,"https://cdnt-preview.dzcdn.net/api/1/1/6/c/6/0/6c6474222c48abd5d908f45cb0ef05b1.mp3?hdnea=exp=1760157410~acl=/api/1/1/6/c/6/0/6c6474222c48abd5d908f45cb0ef05b1.mp3*~data=user_id=0,application_id=42~hmac=2987241d8fa080824869c7181ca97fecf721ff629b6a01d0596e73ac27a158bd",After Hours
Too Late,"https://cdnt-preview.dzcdn.net/api/1/1/7/4/8/0/74804470072f7f31b6fae0da3306ae09.mp3?hdnea=exp=1760157410~acl=/api/1/1/7/4/8/0/74804470072f7f31b6fae0da3306ae09.mp3*~data=user_id=0,application_id=42~hmac=437052c12b3fbadf05288434908a7aa443f2bb58b2a190925afc33808f1f0bd9",After Hours
Hardest To Love,"https://cdnt-preview.dzcdn.net/api/1/1/a/7/9/0/a79e231bd1f4202c89e2c79a8c45b4a4.mp3?hdnea=exp=1760157410~acl=/api/1/1/a/7/9/0/a79e231bd1f4202c89e2c79a8c45b4a4.mp3*~data=user_id=0,application_id=42~hmac=1267569a61fd53f589cb46e5d7a1738ec272c5448e487b211aaca8c3ba610c4c",After Hours
Scared To Live,"https://cdnt-preview.dzcdn.net/api/1/1/8/4/6/0/84661ede95264106311c08ee96d25d0b.mp3?hdnea=exp=1760157410~acl=/api/1/1/8/4/6/0/84661ede95264106311c08ee96d25d0b.mp3*~data=user_id=0,application_id=42~hmac=16514c877506ca0a499b5a30f64940f28ee67e41e445294c3831ec55a22d213f",After Hours
Snowchild,"https://cdnt-preview.dzcdn.net/api/1/1/9/6/5/0/9658d6b69b63070639aafc195d61d121.mp3?hdnea=exp=1760157410~acl=/api/1/1/9/6/5/0/9658d6b69b63070639aafc195d61d121.mp3*~data=user_id=0,application_id=42~hmac=63ce09785c72bf8cc3dadc9bca5e39d79bd6d983df960ea71ef0ac30438dfa48",After Hours
Escape From LA,"https://cdnt-preview.dzcdn.net/api/1/1/b/c/1/0/bc1a1142dfd68ff3ca63d8f9e945abe2.mp3?hdnea=exp=1760157410~acl=/api/1/1/b/c/1/0/bc1a1142dfd68ff3ca63d8f9e945abe2.mp3*~data=user_id=0,application_id=42~hmac=76be7a0ab8e57f66d23a8dd3139b86003c352ed63388fd841dd27b0ba4fc6d4d",After Hours
Heartless,"https://cdnt-preview.dzcdn.net/api/1/1/3/4/7/0/3473850bcf6f36ab8ef72926c9d0d3fe.mp3?hdnea=exp=1760157410~acl=/api/1/1/3/4/7/0/3473850bcf6f36ab8ef72926c9d0d3fe.mp3*~data=user_id=0,application_id=42~hmac=17d08a1ac93e0a1d9cc133be77bfeb334cd2a06fc569a810625f8a36cffa2f17",After Hours
Faith,"https://cdnt-preview.dzcdn.net/api/1/1/1/f/9/0/1f96a2b431f8fb70a04bb7d47b3b2a61.mp3?hdnea=exp=1760157410~acl=/api/1/1/1/f/9/0/1f96a2b431f8fb70a04bb7d47b3b2a61.mp3*~data=user_id=0,application_id=42~hmac=2a882996fcf80e9ad3766ff2b977f374277fe02e02e9594db072b18987621874",After Hours
Blinding Lights,"https://cdnt-preview.dzcdn.net/api/1/1/3/e/4/0/3e4992718cda8ba1ea76a2d0be67d760.mp3?hdnea=exp=1760157410~acl=/api/1/1/3/e/4/0/3e4992718cda8ba1ea76a2d0be67d760.mp3*~data=user_id=0,application_id=42~hmac=d80e977779058398c9e240b22b0e6ae037ab89d2f5600b409860976170d77072",After Hours
In Your Eyes,"https://cdnt-preview.dzcdn.net/api/1/1/5/8/e/0/58ea87a2e8eb244a4d351b832ab8dc4e.mp3?hdnea=exp=1760157410~acl=/api/1/1/5/8/e/0/58ea87a2e8eb244a4d351b832ab8dc4e.mp3*~data=user_id=0,application_id=42~hmac=6decd4bc3bd5a2098818482e97e0d356dc174572e7c8f3ef1e6bd674eb0823f9",After Hours
Save Your Tears,"https://cdnt-preview.dzcdn.net/api/1/1/6/0/3/0/6030d100df57535a6dd78ee08bf99261.mp3?hdnea=exp=1760157410~acl=/api/1/1/6/0/3/0/6030d100df57535a6dd78ee08bf99261.mp3*~data=user_id=0,application_id=42~hmac=2f1993e008d906f4bb9f25e335ce0c92c40eeea1edbee421fe6853f704897e24",After Hours
Repeat After Me (Interlude),"https://cdnt-preview.dzcdn.net/api/1/1/3/e/6/0/3e690b192c9158a3c61a20b49cc476fd.mp3?hdnea=exp=1760157410~acl=/api/1/1/3/e/6/0/3e690b192c9158a3c61a20b49cc476fd.mp3*~data=user_id=0,application_id=42~hmac=a403a1528675a9bc889080e5d916de37d7d9b2406292fb7d726df427afc40ffb",After Hours
After Hours,"https://cdnt-preview.dzcdn.net/api/1/1/5/d/a/0/5daff26bf5fb18b7be35df4cbc1fcc8b.mp3?hdnea=exp=1760157410~acl=/api/1/1/5/d/a/0/5daff26bf5fb18b7be35df4cbc1fcc8b.mp3*~data=user_id=0,application_id=42~hmac=9ecfa13a862daf36017b87001f08f418f0f9533b450ec3c7e76b50188ee5652a",After Hours
Until I Bleed Out,"https://cdnt-preview.dzcdn.net/api/1/1/f/a/2/0/fa2ebf166439e4ab97dc516c44c32645.mp3?hdnea=exp=1760157410~acl=/api/1/1/f/a/2/0/fa2ebf166439e4ab97dc516c44c32645.mp3*~data=user_id=0,application_id=42~hmac=17f3e2409b67601d1f0cb83d1e0a45c973fbb24fb5c4c9000fc9e1a8e8867693",After Hours
Alone Again,"https://cdnt-preview.dzcdn.net/api/1/1/7/7/f/0/77fede5c5ff0443224c8ef32a752bb2b.mp3?hdnea=exp=1760157410~acl=/api/1/1/7/7/f/0/77fede5c5ff0443224c8ef32a752bb2b.mp3*~data=user_id=0,application_id=42~hmac=34b43d58450976681fce7aae641e220de0722a3b8eea5b011c1389b9d6bd38cc",After Hours (Deluxe)
Too Late,"https://cdnt-preview.dzcdn.net/api/1/1/7/c/e/0/7ce1b15c6ca8b068671b7fd2b9446e74.mp3?hdnea=exp=1760157410~acl=/api/1/1/7/c/e/0/7ce1b15c6ca8b068671b7fd2b9446e74.mp3*~data=user_id=0,application_id=42~hmac=79fd7268bb42cc227a8f4b8f027faea0a5edea77a10f5e981d232bec8d6622ff",After Hours (Deluxe)
Hardest To Love,"https://cdnt-preview.dzcdn.net/api/1/1/5/7/4/0/574e717e86ecbb730d982ea9befd1c05.mp3?hdnea=exp=1760157410~acl=/api/1/1/5/7/4/0/574e717e86ecbb730d982ea9befd1c05.mp3*~data=user_id=0,application_id=42~hmac=6873e3d8a32fb013750159fc20587bef78a571a460a99defd89b6a61c3e0981c",After Hours (Deluxe)
Scared To Live,"https://cdnt-preview.dzcdn.net/api/1/1/9/8/7/0/987f7e79bb037ff87e57eb0b5e8fe2df.mp3?hdnea=exp=1760157410~acl=/api/1/1/9/8/7/0/987f7e79bb037ff87e57eb0b5e8fe2df.mp3*~data=user_id=0,application_id=42~hmac=5f4d7809786f7d14b66a6e40dc7f49e860f432bbb56f44e3be7135ec2e861f9c",After Hours (Deluxe)
Snowchild,"https://cdnt-preview.dzcdn.net/api/1/1/6/e/b/0/6eb065c727ee82239ef03bb25e303bb3.mp3?hdnea=exp=1760157410~acl=/api/1/1/6/e/b/0/6eb065c727ee82239ef03bb25e303bb3.mp3*~data=user_id=0,application_id=42~hmac=d4fcf2021dfe4df8552db267987bc0134a9e2a5a9cfcfde19cff47421de39d06",After Hours (Deluxe)
Escape From LA,"https://cdnt-preview.dzcdn.net/api/1/1/3/4/d/0/34d4646681495e45f4a552adf32ef917.mp3?hdnea=exp=1760157410~acl=/api/1/1/3/4/d/0/34d4646681495e45f4a552adf32ef917.mp3*~data=user_id=0,application_id=42~hmac=c0389b2bd9588a49c3aa18cecb853f48000ad2742fda976b333a506cbbb31abb",After Hours (Deluxe)
Heartless,"https://cdnt-preview.dzcdn.net/api/1/1/1/8/b/0/18b3863e099c3936a8c161f65794d5f5.mp3?hdnea=exp=1760157410~acl=/api/1/1/1/8/b/0/18b3863e099c3936a8c161f65794d5f5.mp3*~data=user_id=0,application_id=42~hmac=15513cde1bd8ed55ba5a81550dee237d3ffe6047caed2ef608d9753a877e777f",After Hours (Deluxe)
Faith,"https://cdnt-preview.dzcdn.net/api/1/1/b/d/6/0/bd60e75f4cfa62d6e6cd758fe321d61c.mp3?hdnea=exp=1760157410~acl=/api/1/1/b/d/6/0/bd60e75f4cfa62d6e6cd758fe321d61c.mp3*~data=user_id=0,application_id=42~hmac=32326441f4e773459d54ce45cae9909dfd114e2016c3c8b6d51a4d49dfd3a11c",After Hours (Deluxe)
Blinding Lights,"https://cdnt-preview.dzcdn.net/api/1/1/e/c/d/0/ecdd36a74a4ea3bec2548eecbccfdd2d.mp3?hdnea=exp=1760157410~acl=/api/1/1/e/c/d/0/ecdd36a74a4ea3bec2548eecbccfdd2d.mp3*~data=user_id=0,application_id=42~hmac=414585deb27e92c224a296855d325a5574b2598657d51baa4666371e2424da23",After Hours (Deluxe)
In Your Eyes,"https://cdnt-preview.dzcdn.net/api/1/1/9/b/3/0/9b35bf04a322fed228ec5d005f8b12db.mp3?hdnea=exp=1760157410~acl=/api/1/1/9/b/3/0/9b35bf04a322fed228ec5d005f8b12db.mp3*~data=user_id=0,application_id=42~hmac=1004cef212b892d91de170e90cb0e854bbe3cd46a84be99f33648b827861e34d",After Hours (Deluxe)
Save Your Tears,"https://cdnt-preview.dzcdn.net/api/1/1/4/1/5/0/41526a88b8708f772571b41a4a8b14e2.mp3?hdnea=exp=1760157410~acl=/api/1/1/4/1/5/0/41526a88b8708f772571b41a4a8b14e2.mp3*~data=user_id=0,application_id=42~hmac=da8142e54fe4b3d64e0e617f83a5243adceb05c06cc4a36e71bb63ed6e7f253c",After Hours (Deluxe)
Repeat After Me (Interlude),"https://cdnt-preview.dzcdn.net/api/1/1/0/f/b/0/0fb115d332d2a1da7565a47a776feb27.mp3?hdnea=exp=1760157410~acl=/api/1/1/0/f/b/0/0fb115d332d2a1da7565a47a776feb27.mp3*~data=user_id=0,application_id=42~hmac=4b4da6ba00d6861fe613dc5c1254dddd361d331ae0f06e0f231a2b2ccf8f537b",After Hours (Deluxe)
After Hours,"https://cdnt-preview.dzcdn.net/api/1/1/1/1/f/0/11f7b42508587b94dcc3b95db98b645e.mp3?hdnea=exp=1760157410~acl=/api/1/1/1/1/f/0/11f7b42508587b94dcc3b95db98b645e.mp3*~data=user_id=0,application_id=42~hmac=fe255a2e2702cfc022b841c554e3dd0b3366874c7ab4beda2c862ff8085e8f13",After Hours (Deluxe)
Until I Bleed Out,"https://cdnt-preview.dzcdn.net/api/1/1/5/8/1/0/5810e0404351d550e7930605d62a7bf9.mp3?hdnea=exp=1760157410~acl=/api/1/1/5/8/1/0/5810e0404351d550e7930605d62a7bf9.mp3*~data=user_id=0,application_id=42~hmac=3041afe78da5cc472a52b13a327498ba43c5e36b7a3f84c35e192cc5c04dd423",After Hours (Deluxe)
Nothing Compares (Bonus Track),"https://cdnt-preview.dzcdn.net/api/1/1/6/5/5/0/655b9f3edc2ff826e8964bcbb4962499.mp3?hdnea=exp=1760157410~acl=/api/1/1/6/5/5/0/655b9f3edc2ff826e8964bcbb4962499.mp3*~data=user_id=0,application_id=42~hmac=12d9ba8f73ea4c9872a09c4951b4d2097211b9bf8dcf484c8a4545369dec1c2b",After Hours (Deluxe)
Missed You (Bonus Track),"https://cdnt-preview.dzcdn.net/api/1/1/4/9/9/0/499914d94708d0461fef5c05f76c6313.mp3?hdnea=exp=1760157410~acl=/api/1/1/4/9/9/0/499914d94708d0461fef5c05f76c6313.mp3*~data=user_id=0,application_id=42~hmac=dce815a0a1c86408be651ecb42bd2dcbd9fee7e194fea40fad39eff36dcc6c20",After Hours (Deluxe)
Final Lullaby (Bonus Track),"https://cdnt-preview.dzcdn.net/api/1/1/6/1/a/0/61aaf2b05b7a6dc114cbef5073be4085.mp3?hdnea=exp=1760157410~acl=/api/1/1/6/1/a/0/61aaf2b05b7a6dc114cbef5073be4085.mp3*~data=user_id=0,application_id=42~hmac=60e7f76458add2c4962bb1b6b686fdbd7ced1839a8e0e489d086b0b847c38c53",After Hours (Deluxe)
Alone Again,"https://cdnt-preview.dzcdn.net/api/1/1/7/7/f/0/77fede5c5ff0443224c8ef32a752bb2b.mp3?hdnea=exp=1760157411~acl=/api/1/1/7/7/f/0/77fede5c5ff0443224c8ef32a752bb2b.mp3*~data=user_id=0,application_id=42~hmac=bea3fe6aac66dce1f1aaea25182a92b0099fc81c0bfd60d414f388b667956560",After Hours (Deluxe)
Too Late,"https://cdnt-preview.dzcdn.net/api/1/1/7/c/e/0/7ce1b15c6ca8b068671b7fd2b9446e74.mp3?hdnea=exp=1760157411~acl=/api/1/1/7/c/e/0/7ce1b15c6ca8b068671b7fd2b9446e74.mp3*~data=user_id=0,application_id=42~hmac=bae0ab2ca3a615ff9ff2bed637bb3d7fee3ad4b148a400f3228e30654bdfa964",After Hours (Deluxe)
Hardest To Love,"https://cdnt-preview.dzcdn.net/api/1/1/5/7/4/0/574e717e86ecbb730d982ea9befd1c05.mp3?hdnea=exp=1760157411~acl=/api/1/1/5/7/4/0/574e717e86ecbb730d982ea9befd1c05.mp3*~data=user_id=0,application_id=42~hmac=596002e0a20166ffdb0f230d80485482ebb18b315d49dcaf2745a4a5eeb9cf91",After Hours (Deluxe)
Scared To Live,"https://cdnt-preview.dzcdn.net/api/1/1/9/8/7/0/987f7e79bb037ff87e57eb0b5e8fe2df.mp3?hdnea=exp=1760157411~acl=/api/1/1/9/8/7/0/987f7e79bb037ff87e57eb0b5e8fe2df.mp3*~data=user_id=0,application_id=42~hmac=e6f14ff9bef3419cc7ee556f06cf42033567bf8d33e31d41f3ca7e4cd059efcd",After Hours (Deluxe)
Snowchild,"https://cdnt-preview.dzcdn.net/api/1/1/6/e/b/0/6eb065c727ee82239ef03bb25e303bb3.mp3?hdnea=exp=1760157411~acl=/api/1/1/6/e/b/0/6eb065c727ee82239ef03bb25e303bb3.mp3*~data=user_id=0,application_id=42~hmac=a89ce90de75e758f1d8e5b17b3cba4bb28e4c3a54c28ed4cec58d5390daceb74",After Hours (Deluxe)
Escape From LA,"https://cdnt-preview.dzcdn.net/api/1/1/3/4/d/0/34d4646681495e45f4a552adf32ef917.mp3?hdnea=exp=1760157411~acl=/api/1/1/3/4/d/0/34d4646681495e45f4a552adf32ef917.mp3*~data=user_id=0,application_id=42~hmac=9680d992d5f44bb2ba44c3cb6150f25256ecc62a2698fcc4943f1c6f9bdbf1ab",After Hours (Deluxe)
Heartless,"https://cdnt-preview.dzcdn.net/api/1/1/1/8/b/0/18b3863e099c3936a8c161f65794d5f5.mp3?hdnea=exp=1760157411~acl=/api/1/1/1/8/b/0/18b3863e099c3936a8c161f65794d5f5.mp3*~data=user_id=0,application_id=42~hmac=7c41537bf86b97625fd2ca50a13329b866b1794184ed53ae6213b3cc7cde68c5",After Hours (Deluxe)
Faith,"https://cdnt-preview.dzcdn.net/api/1/1/b/d/6/0/bd60e75f4cfa62d6e6cd758fe321d61c.mp3?hdnea=exp=1760157411~acl=/api/1/1/b/d/6/0/bd60e75f4cfa62d6e6cd758fe321d61c.mp3*~data=user_id=0,application_id=42~hmac=82dd6e9d5ac3a638ecc551207886e12b953434ce0830c5f6b7ea8b7687ad4ec0",After Hours (Deluxe)
Blinding Lights,"https://cdnt-preview.dzcdn.net/api/1/1/e/c/d/0/ecdd36a74a4ea3bec2548eecbccfdd2d.mp3?hdnea=exp=1760157411~acl=/api/1/1/e/c/d/0/ecdd36a74a4ea3bec2548eecbccfdd2d.mp3*~data=user_id=0,application_id=42~hmac=dcde537a0dbd4b3211097dd015e1868308df2cc3abc36e6dff13335afc9af83f",After Hours (Deluxe)
In Your Eyes,"https://cdnt-preview.dzcdn.net/api/1/1/9/b/3/0/9b35bf04a322fed228ec5d005f8b12db.mp3?hdnea=exp=1760157411~acl=/api/1/1/9/b/3/0/9b35bf04a322fed228ec5d005f8b12db.mp3*~data=user_id=0,application_id=42~hmac=a779ce7e0f5aecb1b4ffeb0ba1ba3bbe310705c26318dbdab4bb5fe479117bca",After Hours (Deluxe)
Save Your Tears,"https://cdnt-preview.dzcdn.net/api/1/1/4/1/5/0/41526a88b8708f772571b41a4a8b14e2.mp3?hdnea=exp=1760157411~acl=/api/1/1/4/1/5/0/41526a88b8708f772571b41a4a8b14e2.mp3*~data=user_id=0,application_id=42~hmac=6c0e483a8732ad3dafd0396625ce0dbfa3863915115a3bd8ce730275796698f4",After Hours (Deluxe)
Repeat After Me (Interlude),"https://cdnt-preview.dzcdn.net/api/1/1/0/f/b/0/0fb115d332d2a1da7565a47a776feb27.mp3?hdnea=exp=1760157411~acl=/api/1/1/0/f/b/0/0fb115d332d2a1da7565a47a776feb27.mp3*~data=user_id=0,application_id=42~hmac=7bbb1d485f01c73597e83d4d98768d14f43f95c0fcd6686c2a4a0cd651e21778",After Hours (Deluxe)
After Hours,"https://cdnt-preview.dzcdn.net/api/1/1/1/1/f/0/11f7b42508587b94dcc3b95db98b645e.mp3?hdnea=exp=1760157411~acl=/api/1/1/1/1/f/0/11f7b42508587b94dcc3b95db98b645e.mp3*~data=user_id=0,application_id=42~hmac=01309019fe057c3081c26f62a6a39567bf2f5bcd96e3ef5aaa0fb01632918a9c",After Hours (Deluxe)
Until I Bleed Out,"https://cdnt-preview.dzcdn.net/api/1/1/5/8/1/0/5810e0404351d550e7930605d62a7bf9.mp3?hdnea=exp=1760157411~acl=/api/1/1/5/8/1/0/5810e0404351d550e7930605d62a7bf9.mp3*~data=user_id=0,application_id=42~hmac=40b5a35611fd15b7287c005064e6517c56f53c4d9eadc95e732aa47600c97bf9",After Hours (Deluxe)
Nothing Compares (Bonus Track),"https://cdnt-preview.dzcdn.net/api/1/1/6/5/5/0/655b9f3edc2ff826e8964bcbb4962499.mp3?hdnea=exp=1760157411~acl=/api/1/1/6/5/5/0/655b9f3edc2ff826e8964bcbb4962499.mp3*~data=user_id=0,application_id=42~hmac=eb8643b66eab5763c3252c314f966a9d44cfd9afffe556369b5009d5ce2fa43f",After Hours (Deluxe)
Missed You (Bonus Track),"https://cdnt-preview.dzcdn.net/api/1/1/4/9/9/0/499914d94708d0461fef5c05f76c6313.mp3?hdnea=exp=1760157411~acl=/api/1/1/4/9/9/0/499914d94708d0461fef5c05f76c6313.mp3*~data=user_id=0,application_id=42~hmac=5c8b0e8ddb24ac7cd3da3b580e70cb46b7545be5f7265bb5c7a8f7b3d9fe0288",After Hours (Deluxe)
Final Lullaby (Bonus Track),"https://cdnt-preview.dzcdn.net/api/1/1/6/1/a/0/61aaf2b05b7a6dc114cbef5073be4085.mp3?hdnea=exp=1760157411~acl=/api/1/1/6/1/a/0/61aaf2b05b7a6dc114cbef5073be4085.mp3*~data=user_id=0,application_id=42~hmac=4d16fd89f58cf9fc101fd77f460d5ec3d630a515df0cb2fc9405c46114d8e661",After Hours (Deluxe)
Save Your Tears (Remix Bonus Track),"https://cdnt-preview.dzcdn.net/api/1/1/0/b/f/0/0bf74f87a6e22bbd1befee6c4d22a2cc.mp3?hdnea=exp=1760157411~acl=/api/1/1/0/b/f/0/0bf74f87a6e22bbd1befee6c4d22a2cc.mp3*~data=user_id=0,application_id=42~hmac=fbab162c05cbdef63e0a55b6aba8401efe716d89a44ebced1a198e1bcd535b27",After Hours (Deluxe)
Starboy,"https://cdnt-preview.dzcdn.net/api/1/1/2/1/9/0/21997f0026de513d13cdb0a55347d257.mp3?hdnea=exp=1760157411~acl=/api/1/1/2/1/9/0/21997f0026de513d13cdb0a55347d257.mp3*~data=user_id=0,application_id=42~hmac=c7de8852b550c952d1427baaafb9d2ce1d2a35ff3396e5fc08013f75c056c18e",Starboy (Deluxe)
Party Monster,"https://cdnt-preview.dzcdn.net/api/1/1/0/e/7/0/0e79296f0d62d698f6d6953c302b8914.mp3?hdnea=exp=1760157411~acl=/api/1/1/0/e/7/0/0e79296f0d62d698f6d6953c302b8914.mp3*~data=user_id=0,application_id=42~hmac=f0d215e715b680441519f01eaf7002db4948594a9d0b6e34a08ad29afa8e7721",Starboy (Deluxe)
False Alarm,"https://cdnt-preview.dzcdn.net/api/1/1/4/e/3/0/4e3ecfe21078bb939793327bbad328da.mp3?hdnea=exp=1760157411~acl=/api/1/1/4/e/3/0/4e3ecfe21078bb939793327bbad328da.mp3*~data=user_id=0,application_id=42~hmac=9c260f360b5574441c6e4ab8a98bb6b6392ab713aeaaae6a267d88f488429a74",Starboy (Deluxe)
Reminder,"https://cdnt-preview.dzcdn.net/api/1/1/e/5/f/0/e5f8f2c761d87a6de8d546d7472884ee.mp3?hdnea=exp=1760157411~acl=/api/1/1/e/5/f/0/e5f8f2c761d87a6de8d546d7472884ee.mp3*~data=user_id=0,application_id=42~hmac=c028487508c7e0ed819d6b0ac532f6408d2ab2055c0839afe659cf7d11634747",Starboy (Deluxe)
Rockin’,"https://cdnt-preview.dzcdn.net/api/1/1/2/9/0/0/29049467be4d5677a8a66978be78dd4f.mp3?hdnea=exp=1760157411~acl=/api/1/1/2/9/0/0/29049467be4d5677a8a66978be78dd4f.mp3*~data=user_id=0,application_id=42~hmac=30e177ee15c771c9f6bd21bd4696dd556c319ceb97b37b7962e590f697789def",Starboy (Deluxe)
Secrets,"https://cdnt-preview.dzcdn.net/api/1/1/9/f/5/0/9f5b822205d2d4ffdd6dff4ae1d23a0a.mp3?hdnea=exp=1760157411~acl=/api/1/1/9/f/5/0/9f5b822205d2d4ffdd6dff4ae1d23a0a.mp3*~data=user_id=0,application_id=42~hmac=447afdd436140204d0d9f1bc2d65bad3032c9844712653b3eaf35b775b2c510f",Starboy (Deluxe)
True Colors,"https://cdnt-preview.dzcdn.net/api/1/1/1/f/d/0/1fd77950f57712f06e087deab67704e2.mp3?hdnea=exp=1760157411~acl=/api/1/1/1/f/d/0/1fd77950f57712f06e087deab67704e2.mp3*~data=user_id=0,application_id=42~hmac=d737ad48735d262f988d096c11475c4e7bf15c83fe87ea86c498e9e46a8d560d",Starboy (Deluxe)
Stargirl Interlude,"https://cdnt-preview.dzcdn.net/api/1/1/7/0/f/0/70fe02068db1c9b00b9ec4d4d71686fa.mp3?hdnea=exp=1760157411~acl=/api/1/1/7/0/f/0/70fe02068db1c9b00b9ec4d4d71686fa.mp3*~data=user_id=0,application_id=42~hmac=c676d4c6dad162dbc29a6c4f1b6e0f5b8bf0004896542e78da0273bb2b15007e",Starboy (Deluxe)
Sidewalks,"https://cdnt-preview.dzcdn.net/api/1/1/6/b/4/0/6b450a95f85228b7b1a19c4cf21f0989.mp3?hdnea=exp=1760157411~acl=/api/1/1/6/b/4/0/6b450a95f85228b7b1a19c4cf21f0989.mp3*~data=user_id=0,application_id=42~hmac=e66ff4d9d8bd825db5f5d16738f4d8a4c0242f1a30789c9e7a6c66008c5113d3",Starboy (Deluxe)
Six Feet Under,"https://cdnt-preview.dzcdn.net/api/1/1/5/7/e/0/57ec58dac3b00f19186591dcfe3c24e8.mp3?hdnea=exp=1760157411~acl=/api/1/1/5/7/e/0/57ec58dac3b00f19186591dcfe3c24e8.mp3*~data=user_id=0,application_id=42~hmac=46e80440cb01fb6aedd0286cec251fc027df7a79a397dccbffdf00694e30a84e",Starboy (Deluxe)
Love To Lay,"https://cdnt-preview.dzcdn.net/api/1/1/d/a/b/0/dab8a525636d68b4d392987e7db08608.mp3?hdnea=exp=1760157411~acl=/api/1/1/d/a/b/0/dab8a525636d68b4d392987e7db08608.mp3*~data=user_id=0,application_id=42~hmac=9b5338fd4892b82fb7645aa224a9cdd41ac0348653612aab2ad84fe79855eb7f",Starboy (Deluxe)
A Lonely Night,"https://cdnt-preview.dzcdn.net/api/1/1/2/9/2/0/2922292f0e080ef859a57b24f48422cd.mp3?hdnea=exp=1760157411~acl=/api/1/1/2/9/2/0/2922292f0e080ef859a57b24f48422cd.mp3*~data=user_id=0,application_id=42~hmac=9ce5c9a3945becf99c6b0758fd3a1056f78534856af4377944b85388af59e6f6",Starboy (Deluxe)
Attention,"https://cdnt-preview.dzcdn.net/api/1/1/7/1/0/0/7103c2e48e30c2fc2912285f7d26f553.mp3?hdnea=exp=1760157411~acl=/api/1/1/7/1/0/0/7103c2e48e30c2fc2912285f7d26f553.mp3*~data=user_id=0,application_id=42~hmac=02622c437c9573edfff92899e52e59a9d251cd69f5922470a59eb5fbaff16708",Starboy (Deluxe)
Ordinary Life,"https://cdnt-preview.dzcdn.net/api/1/1/b/9/7/0/b974e359e72800a26e798993bb92ccd4.mp3?hdnea=exp=1760157411~acl=/api/1/1/b/9/7/0/b974e359e72800a26e798993bb92ccd4.mp3*~data=user_id=0,application_id=42~hmac=07944303775abbe4a06984138e1f6d641ee7a1a446329d030e39c7b38cd307ea",Starboy (Deluxe)
Nothing Without You,"https://cdnt-preview.dzcdn.net/api/1/1/0/3/4/0/0343e5b9aa5163262cdd6df08e978644.mp3?hdnea=exp=1760157411~acl=/api/1/1/0/3/4/0/0343e5b9aa5163262cdd6df08e978644.mp3*~data=user_id=0,application_id=42~hmac=a689fc1e3b3fe8feb3a0d57a99825902c2176440cc4dd19a3dcf30ccd3934901",Starboy (Deluxe)
All I Know,"https://cdnt-preview.dzcdn.net/api/1/1/0/0/7/0/0078de45370b118eeabe654af0648072.mp3?hdnea=exp=1760157411~acl=/api/1/1/0/0/7/0/0078de45370b118eeabe654af0648072.mp3*~data=user_id=0,application_id=42~hmac=b6e5b81bdf3ed3e6aa19c69c142624c03d63e902323da5f81e61fdf57be4de47",Starboy (Deluxe)
Die For You,"https://cdnt-preview.dzcdn.net/api/1/1/d/e/0/0/de0e4c0b7f485e70bc2a6ef201a0b634.mp3?hdnea=exp=1760157411~acl=/api/1/1/d/e/0/0/de0e4c0b7f485e70bc2a6ef201a0b634.mp3*~data=user_id=0,application_id=42~hmac=b97d105996f638fe33dccb468f7a77e9b666ef0f49a9da271b2978ca712a2eb6",Starboy (Deluxe)
I Feel It Coming,"https://cdnt-preview.dzcdn.net/api/1/1/d/c/c/0/dcc5816e1aa199ff27ccf62fda47492f.mp3?hdnea=exp=1760157411~acl=/api/1/1/d/c/c/0/dcc5816e1aa199ff27ccf62fda47492f.mp3*~data=user_id=0,application_id=42~hmac=dcf61d2ede184b5cce3fec6621dda835964f0211d50257a44d6523126f146094",Starboy (Deluxe)
Die For You (Remix),"https://cdnt-preview.dzcdn.net/api/1/1/f/a/c/0/fac8970738f8223eb24a75f795ebb158.mp3?hdnea=exp=1760157411~acl=/api/1/1/f/a/c/0/fac8970738f8223eb24a75f795ebb158.mp3*~data=user_id=0,application_id=42~hmac=c7ca9c95d523cbd88bc9573957e4426c2d3cb0695417e57c38b5cb105aa8b1c1",Starboy (Deluxe)
Starboy (Kygo Remix),"https://cdnt-preview.dzcdn.net/api/1/1/8/9/1/0/8917951bafd1adca6c6bf4b714cf5ea3.mp3?hdnea=exp=1760157411~acl=/api/1/1/8/9/1/0/8917951bafd1adca6c6bf4b714cf5ea3.mp3*~data=user_id=0,application_id=42~hmac=033fe83de0e0956ef38f462ad43aafc61468a56aef9a33d48ffd91acbda4e901",Starboy (Deluxe)
Reminder (Remix),"https://cdnt-preview.dzcdn.net/api/1/1/6/2/0/0/6209fbcb22c75d45521467dd386d4861.mp3?hdnea=exp=1760157411~acl=/api/1/1/6/2/0/0/6209fbcb22c75d45521467dd386d4861.mp3*~data=user_id=0,application_id=42~hmac=5245753e2c069df00a0b463431e16917a3ced61abf9a16d3be9681b29d35bb78",Starboy (Deluxe)
Starboy,"https://cdnt-preview.dzcdn.net/api/1/1/3/c/1/0/3c19a82aeffd2f6f6adb63c4d8548e06.mp3?hdnea=exp=1760157411~acl=/api/1/1/3/c/1/0/3c19a82aeffd2f6f6adb63c4d8548e06.mp3*~data=user_id=0,application_id=42~hmac=8e769c7ce114122bc3178eb3ced3b5b86963d847775a4fdcdca9c823d1d1a1e3",Starboy
Party Monster,"https://cdnt-preview.dzcdn.net/api/1/1/1/7/a/0/17a3c6c6e495ad5ef1c921d2000b9e66.mp3?hdnea=exp=1760157411~acl=/api/1/1/1/7/a/0/17a3c6c6e495ad5ef1c921d2000b9e66.mp3*~data=user_id=0,application_id=42~hmac=2623a83c9941be036e8c1b65422c229dc66a9aab63bf231ef3082a76092b0700",Starboy
False Alarm,"https://cdnt-preview.dzcdn.net/api/1/1/f/6/2/0/f62f31f4d39ec89c664144016195aef4.mp3?hdnea=exp=1760157411~acl=/api/1/1/f/6/2/0/f62f31f4d39ec89c664144016195aef4.mp3*~data=user_id=0,application_id=42~hmac=e9b228c7ce66c4a5ad94b341057e03d2ce3ec04727ca46fe026b923ceeaaea29",Starboy
Reminder,"https://cdnt-preview.dzcdn.net/api/1/1/2/c/9/0/2c913287565e8327f9a02001212cd02d.mp3?hdnea=exp=1760157411~acl=/api/1/1/2/c/9/0/2c913287565e8327f9a02001212cd02d.mp3*~data=user_id=0,application_id=42~hmac=ce15703e420f893e8f485579f7cb374542e88010d5c30d4f502f4e5f538cd0d1",Starboy
Rockin’,"https://cdnt-preview.dzcdn.net/api/1/1/e/f/a/0/efad7aa1da65b0a277cbc78a67b25374.mp3?hdnea=exp=1760157411~acl=/api/1/1/e/f/a/0/efad7aa1da65b0a277cbc78a67b25374.mp3*~data=user_id=0,application_id=42~hmac=d2234c99a8246e8aea1818bf4dc12983de5483d537fe472ae612d1acc4c3d31c",Starboy
Secrets,"https://cdnt-preview.dzcdn.net/api/1/1/a/0/b/0/a0b360b5c8d16c7c850d6a977b481599.mp3?hdnea=exp=1760157411~acl=/api/1/1/a/0/b/0/a0b360b5c8d16c7c850d6a977b481599.mp3*~data=user_id=0,application_id=42~hmac=6cb02a0af41ce229c708c5ff0a39d5f34ded784c153c75837c7434d6c07244b5",Starboy
True Colors,"https://cdnt-preview.dzcdn.net/api/1/1/0/8/f/0/08f9d954f2efdfee76c4998017e21630.mp3?hdnea=exp=1760157411~acl=/api/1/1/0/8/f/0/08f9d954f2efdfee76c4998017e21630.mp3*~data=user_id=0,application_id=42~hmac=172480d33ecaae01fb94770ef716b4a791fe7e030acb3a895cae06bf2d238846",Starboy
Stargirl Interlude,"https://cdnt-preview.dzcdn.net/api/1/1/2/2/a/0/22ae6bacae83a1133b2245a89b4a627c.mp3?hdnea=exp=1760157411~acl=/api/1/1/2/2/a/0/22ae6bacae83a1133b2245a89b4a627c.mp3*~data=user_id=0,application_id=42~hmac=a0a408c1c22d53c83a06fe73fd726e83ae606c62665cc0e31124c6835c6eeb64",Starboy
Sidewalks,"https://cdnt-preview.dzcdn.net/api/1/1/f/6/5/0/f6507414c135da6cbbd25c2683890278.mp3?hdnea=exp=1760157411~acl=/api/1/1/f/6/5/0/f6507414c135da6cbbd25c2683890278.mp3*~data=user_id=0,application_id=42~hmac=ec0ad5f81e03572c3173846f0b932120c810ba7e60fde27cae8286e2739f6ae2",Starboy
Six Feet Under,"https://cdnt-preview.dzcdn.net/api/1/1/b/e/d/0/bedaf8520c0e14f9fbb447d89834dc48.mp3?hdnea=exp=1760157411~acl=/api/1/1/b/e/d/0/bedaf8520c0e14f9fbb447d89834dc48.mp3*~data=user_id=0,application_id=42~hmac=fa649b79ee332d83cc6fee214f6fe28a3faf1fab4e699998f5be10bc418d2b08",Starboy
Love To Lay,"https://cdnt-preview.dzcdn.net/api/1/1/2/7/5/0/275ff43d375cb601af71b9abd6b2fde3.mp3?hdnea=exp=1760157411~acl=/api/1/1/2/7/5/0/275ff43d375cb601af71b9abd6b2fde3.mp3*~data=user_id=0,application_id=42~hmac=659edbd85ac68f9c2352a72615ca02acec16c4378db80cbea8ed541fea085f82",Starboy
A Lonely Night,"https://cdnt-preview.dzcdn.net/api/1/1/5/0/1/0/501d0aa386a814c61cc4c215fb7c359b.mp3?hdnea=exp=1760157411~acl=/api/1/1/5/0/1/0/501d0aa386a814c61cc4c215fb7c359b.mp3*~data=user_id=0,application_id=42~hmac=f3c723ce012a2f92fdfd1f0c389e4013a267acb5031ba383841d9228009c2bf9",Starboy
Attention,"https://cdnt-preview.dzcdn.net/api/1/1/6/1/4/0/614c867fb6856da04ce31fa05fc48071.mp3?hdnea=exp=1760157411~acl=/api/1/1/6/1/4/0/614c867fb6856da04ce31fa05fc48071.mp3*~data=user_id=0,application_id=42~hmac=1c46b7ff54e2c4e130228078b9eb58b37cf3cc4cc9aae38d4e580731872e5598",Starboy
Ordinary Life,"https://cdnt-preview.dzcdn.net/api/1/1/b/3/c/0/b3cf530977541663f06c3f642710bc80.mp3?hdnea=exp=1760157411~acl=/api/1/1/b/3/c/0/b3cf530977541663f06c3f642710bc80.mp3*~data=user_id=0,application_id=42~hmac=389acbcff35ae25c5e0a20c85560ce554c2b56f47db8238101af5babbeec6445",Starboy
Nothing Without You,"https://cdnt-preview.dzcdn.net/api/1/1/a/9/b/0/a9bb272b2b87431fae034e2056ac99e8.mp3?hdnea=exp=1760157411~acl=/api/1/1/a/9/b/0/a9bb272b2b87431fae034e2056ac99e8.mp3*~data=user_id=0,application_id=42~hmac=f78abb883f5efe939646e94e414170c8070231116894e7d4eaac1b83d3ca02fa",Starboy
All I Know,"https://cdnt-preview.dzcdn.net/api/1/1/1/0/3/0/1031fe36ba3c5651fc798386f524677d.mp3?hdnea=exp=1760157411~acl=/api/1/1/1/0/3/0/1031fe36ba3c5651fc798386f524677d.mp3*~data=user_id=0,application_id=42~hmac=3b595f7bbf88137305200a93f754cfbb7c179fa3fce7f237763694317ff858ce",Starboy
Die For You,"https://cdnt-preview.dzcdn.net/api/1/1/a/2/1/0/a21b95575bfee1b46a48db77b7d9e752.mp3?hdnea=exp=1760157411~acl=/api/1/1/a/2/1/0/a21b95575bfee1b46a48db77b7d9e752.mp3*~data=user_id=0,application_id=42~hmac=e00a9971b4e29fdfd8200eceae2d80564d15bc503365b5662b1037fe7c2cc9a3",Starboy
I Feel It Coming,"https://cdnt-preview.dzcdn.net/api/1/1/6/4/9/0/64964cf78e664f63594a3190e1e834eb.mp3?hdnea=exp=1760157411~acl=/api/1/1/6/4/9/0/64964cf78e664f63594a3190e1e834eb.mp3*~data=user_id=0,application_id=42~hmac=273339d35bf0219d7620dbb7e6d414ea0f902524cc1799b7c8ec7a266f8cfe4f",Starboy
Real Life,"https://cdnt-preview.dzcdn.net/api/1/1/1/e/3/0/1e34752eddbf767c776df34a0bf5f47a.mp3?hdnea=exp=1760157411~acl=/api/1/1/1/e/3/0/1e34752eddbf767c776df34a0bf5f47a.mp3*~data=user_id=0,application_id=42~hmac=4d2bb5a51abb927a2351a31dba5e7e135771719c7a645fa9b594f326cc7b4c5a",Beauty Behind The Madness
Losers,"https://cdnt-preview.dzcdn.net/api/1/1/e/e/2/0/ee2630efb8a3d01ca9f23f11d7f24ade.mp3?hdnea=exp=1760157411~acl=/api/1/1/e/e/2/0/ee2630efb8a3d01ca9f23f11d7f24ade.mp3*~data=user_id=0,application_id=42~hmac=fb09fd41e75d8f5c32aee1fc48bb110d9f902b8290078a224db6a2d71ce51a52",Beauty Behind The Madness
Tell Your Friends,"https://cdnt-preview.dzcdn.net/api/1/1/1/b/d/0/1bd959e243d095eeeaa6270a18c2062f.mp3?hdnea=exp=1760157411~acl=/api/1/1/1/b/d/0/1bd959e243d095eeeaa6270a18c2062f.mp3*~data=user_id=0,application_id=42~hmac=3d6e30f63367d12f40d536ce489d3ecdf534546f45406ccde69accdcae1c71d3",Beauty Behind The Madness
Often,"https://cdnt-preview.dzcdn.net/api/1/1/e/0/f/0/e0ffcad69adc0df40632dc83480f54c5.mp3?hdnea=exp=1760157411~acl=/api/1/1/e/0/f/0/e0ffcad69adc0df40632dc83480f54c5.mp3*~data=user_id=0,application_id=42~hmac=b569ba8d6ecbbbed5c06edd5eeb7441e90b5b1c759e8c76a20b4800b165a4dfd",Beauty Behind The Madness
The Hills,"https://cdnt-preview.dzcdn.net/api/1/1/7/c/5/0/7c561179e6eb8c33aaac84ae86c4f79e.mp3?hdnea=exp=1760157411~acl=/api/1/1/7/c/5/0/7c561179e6eb8c33aaac84ae86c4f79e.mp3*~data=user_id=0,application_id=42~hmac=071bb662aea923b69dccdbfa6cda7afb6d6ce928696264243ff94815692fd609",Beauty Behind The Madness
Acquainted,"https://cdnt-preview.dzcdn.net/api/1/1/6/c/a/0/6ca398758fff17ab49af52221a5cac43.mp3?hdnea=exp=1760157411~acl=/api/1/1/6/c/a/0/6ca398758fff17ab49af52221a5cac43.mp3*~data=user_id=0,application_id=42~hmac=0ffbb362d33e77de61e32f0fdae2c9460ebbf675a77065c1a419e9bba17b423c",Beauty Behind The Madness
Can't Feel My Face,"https://cdnt-preview.dzcdn.net/api/1/1/6/f/9/0/6f9235bd9737db1a62149c9f5f474f43.mp3?hdnea=exp=1760157411~acl=/api/1/1/6/f/9/0/6f9235bd9737db1a62149c9f5f474f43.mp3*~data=user_id=0,application_id=42~hmac=732a86612ec0d3cff2fc80807c2de59b58f681fad686123759224917b48a0e9c",Beauty Behind The Madness
Shameless,"https://cdnt-preview.dzcdn.net/api/1/1/6/5/a/0/65a450b8fb545e87e26a65bef5e104ea.mp3?hdnea=exp=1760157411~acl=/api/1/1/6/5/a/0/65a450b8fb545e87e26a65bef5e104ea.mp3*~data=user_id=0,application_id=42~hmac=7d1b386d78c025d1e2d4fb07becfe777543c04c92c7dff88112a018e41608f70",Beauty Behind The Madness
Earned It (Fifty Shades Of Grey),"https://cdnt-preview.dzcdn.net/api/1/1/6/f/4/0/6f4156444f99a481fe342d7397cebcfb.mp3?hdnea=exp=1760157411~acl=/api/1/1/6/f/4/0/6f4156444f99a481fe342d7397cebcfb.mp3*~data=user_id=0,application_id=42~hmac=84830ebbdd8da51a4b17e2b8466f6560f5f981d3533c8b9b804171236c438d13",Beauty Behind The Madness
In The Night,"https://cdnt-preview.dzcdn.net/api/1/1/1/2/3/0/1232c1ab58839f1debb9263eef929b6b.mp3?hdnea=exp=1760157411~acl=/api/1/1/1/2/3/0/1232c1ab58839f1debb9263eef929b6b.mp3*~data=user_id=0,application_id=42~hmac=28c0a108bac46ec6720d78410b3daf189361d0e83af01fbaf8d09aa087963e69",Beauty Behind The Madness
As You Are,"https://cdnt-preview.dzcdn.net/api/1/1/9/8/4/0/984a8da24e6ca1444bec4e52ff9abe46.mp3?hdnea=exp=1760157411~acl=/api/1/1/9/8/4/0/984a8da24e6ca1444bec4e52ff9abe46.mp3*~data=user_id=0,application_id=42~hmac=7e91e8e64a5236a588d4e48f31eb47ab6e222ceb51fd54ae35961b77ebe3b0c0",Beauty Behind The Madness
Dark Times,"https://cdnt-preview.dzcdn.net/api/1/1/d/3/d/0/d3d2992a7f78c6ba35398219a5ab696c.mp3?hdnea=exp=1760157411~acl=/api/1/1/d/3/d/0/d3d2992a7f78c6ba35398219a5ab696c.mp3*~data=user_id=0,application_id=42~hmac=a890a6995a1536957deb91d4b3ac86fdaf7a42ccf876d04e9937d892e3527d09",Beauty Behind The Madness
Prisoner,"https://cdnt-preview.dzcdn.net/api/1/1/8/2/1/0/821dc9348bb9a74ac7baf369c7b50baa.mp3?hdnea=exp=1760157411~acl=/api/1/1/8/2/1/0/821dc9348bb9a74ac7baf369c7b50baa.mp3*~data=user_id=0,application_id=42~hmac=841588a672cd1f8338635915cd34779b2a8a76a322be0da18fc23f8a2027eeff",Beauty Behind The Madness
Angel,"https://cdnt-preview.dzcdn.net/api/1/1/c/7/9/0/c79b1d10ad4d665b08b75a14f41ae90e.mp3?hdnea=exp=1760157411~acl=/api/1/1/c/7/9/0/c79b1d10ad4d665b08b75a14f41ae90e.mp3*~data=user_id=0,application_id=42~hmac=ce68b0d13694bdc9c1af6a833fc671ddfc018a4589c82707f62c5c2f571ce881",Beauty Behind The Madness
Professional,"https://cdnt-preview.dzcdn.net/api/1/1/a/6/9/0/a69ada7b01354f7f121025b70c0567f9.mp3?hdnea=exp=1760157411~acl=/api/1/1/a/6/9/0/a69ada7b01354f7f121025b70c0567f9.mp3*~data=user_id=0,application_id=42~hmac=0c2446cadd879509a577d3ce6e912278c2449b099378ff5b79ae565ad1b0d167",Kiss Land
The Town,"https://cdnt-preview.dzcdn.net/api/1/1/9/a/8/0/9a80a29022238465635e480b51635522.mp3?hdnea=exp=1760157411~acl=/api/1/1/9/a/8/0/9a80a29022238465635e480b51635522.mp3*~data=user_id=0,application_id=42~hmac=7333f081a55f3a8158a0ed7ebaac4b1cd36b5bd5e09ca71c0a9d3792b732f7a5",Kiss Land
Adaptation,"https://cdnt-preview.dzcdn.net/api/1/1/0/6/4/0/064c7f879dfc6b77f6919eb6a207dfd5.mp3?hdnea=exp=1760157411~acl=/api/1/1/0/6/4/0/064c7f879dfc6b77f6919eb6a207dfd5.mp3*~data=user_id=0,application_id=42~hmac=d1a7e768d178273c2c3583b36af368b73d91205d807b4bb310c6626499f24aa2",Kiss Land
Love In The Sky,"https://cdnt-preview.dzcdn.net/api/1/1/e/8/b/0/e8baf9996b3ae69932b57d16f6ebfaab.mp3?hdnea=exp=1760157411~acl=/api/1/1/e/8/b/0/e8baf9996b3ae69932b57d16f6ebfaab.mp3*~data=user_id=0,application_id=42~hmac=191a41db2652c156d85a0e97b5d192c0755022c33d42b97781939e8c5643cd20",Kiss Land
Belong To The World,"https://cdnt-preview.dzcdn.net/api/1/1/a/0/0/0/a00b3fba5cce408a135d1515656697d8.mp3?hdnea=exp=1760157411~acl=/api/1/1/a/0/0/0/a00b3fba5cce408a135d1515656697d8.mp3*~data=user_id=0,application_id=42~hmac=819cea8f95eb654e9042595cd69e7627807afca137ff9db74e224225baf33c18",Kiss Land
Live For,"https://cdnt-preview.dzcdn.net/api/1/1/a/6/e/0/a6e881d0b1717c2dba587ca008fc2919.mp3?hdnea=exp=1760157411~acl=/api/1/1/a/6/e/0/a6e881d0b1717c2dba587ca008fc2919.mp3*~data=user_id=0,application_id=42~hmac=eb2f20c4705f358bb14c9219b8217ce88be344d64e0e6a8e428f2a6d0d978edd",Kiss Land
Wanderlust,"https://cdnt-preview.dzcdn.net/api/1/1/e/b/4/0/eb4d140a578d62f2e1a91927e1deacbc.mp3?hdnea=exp=1760157411~acl=/api/1/1/e/b/4/0/eb4d140a578d62f2e1a91927e1deacbc.mp3*~data=user_id=0,application_id=42~hmac=497844e209099cc6f0e103fa265ad64878c0e65b9bacd59b282921d0ba6603ad",Kiss Land
Kiss Land,"https://cdnt-preview.dzcdn.net/api/1/1/a/b/8/0/ab84d6bffa3128188d63e77e889414ca.mp3?hdnea=exp=1760157411~acl=/api/1/1/a/b/8/0/ab84d6bffa3128188d63e77e889414ca.mp3*~data=user_id=0,application_id=42~hmac=8bd55086ae3cb95818d6bcb7483203be32b1bcb73ca0ab3e4641f71c3234fff1",Kiss Land
Pretty,"https://cdnt-preview.dzcdn.net/api/1/1/c/a/1/0/ca17b60d6cebed6724343ef1dd45ea18.mp3?hdnea=exp=1760157411~acl=/api/1/1/c/a/1/0/ca17b60d6cebed6724343ef1dd45ea18.mp3*~data=user_id=0,application_id=42~hmac=4d1aeb018b443651765cdf411a63fb6a986857364907fbe92672150221cc23eb",Kiss Land
Tears In The Rain,"https://cdnt-preview.dzcdn.net/api/1/1/6/5/7/0/657ee6bd7b6fe95f6ea852f03e7541a6.mp3?hdnea=exp=1760157411~acl=/api/1/1/6/5/7/0/657ee6bd7b6fe95f6ea852f03e7541a6.mp3*~data=user_id=0,application_id=42~hmac=8908d892b6b77113067e659f3434d1bf423877a59c60ea59ed81d379dfff1c4f",Kiss Land
High For This,"https://cdnt-preview.dzcdn.net/api/1/1/3/9/1/0/3913469909833fb0062657f00b2a094b.mp3?hdnea=exp=1760157412~acl=/api/1/1/3/9/1/0/3913469909833fb0062657f00b2a094b.mp3*~data=user_id=0,application_id=42~hmac=d896ee6578440bc3c23ec01e16743da91b15f6ceededdf080c390e50420829f1",Trilogy
What You Need,"https://cdnt-preview.dzcdn.net/api/1/1/d/f/b/0/dfb39abcf733fedfe03758c8287659a2.mp3?hdnea=exp=1760157412~acl=/api/1/1/d/f/b/0/dfb39abcf733fedfe03758c8287659a2.mp3*~data=user_id=0,application_id=42~hmac=9b12dbfeff75a46d6fe7ec0d540a06fc76133b6f54d181f1566a5ac0a6f55fff",Trilogy
House Of Balloons / Glass Table Girls,"https://cdnt-preview.dzcdn.net/api/1/1/3/4/7/0/34757dbdd2342373db95ec67d09704ee.mp3?hdnea=exp=1760157412~acl=/api/1/1/3/4/7/0/34757dbdd2342373db95ec67d09704ee.mp3*~data=user_id=0,application_id=42~hmac=6a846e3a34e8d2652fa1929774ababa0350510d7e1bac3f9027339d9da519899",Trilogy
The Morning,"https://cdnt-preview.dzcdn.net/api/1/1/1/b/4/0/1b47bc03304a66deb1da614ad6406ecb.mp3?hdnea=exp=1760157412~acl=/api/1/1/1/b/4/0/1b47bc03304a66deb1da614ad6406ecb.mp3*~data=user_id=0,application_id=42~hmac=4c739a4e12c8340a219ee4c4915505888263f02f2a8ea07da9b1a7abba3c588c",Trilogy
Wicked Games,"https://cdnt-preview.dzcdn.net/api/1/1/5/8/a/0/58ad0f79e6f6054fcb043cfaf95815d2.mp3?hdnea=exp=1760157412~acl=/api/1/1/5/8/a/0/58ad0f79e6f6054fcb043cfaf95815d2.mp3*~data=user_id=0,application_id=42~hmac=1df22466d6ecb7172462c4d658a88fda37b4af68e62dab7a0677a58b0844ae0d",Trilogy
The Party & The After Party,"https://cdnt-preview.dzcdn.net/api/1/1/9/f/6/0/9f6a725d60336a5904c6f3f032bb3862.mp3?hdnea=exp=1760157412~acl=/api/1/1/9/f/6/0/9f6a725d60336a5904c6f3f032bb3862.mp3*~data=user_id=0,application_id=42~hmac=0d99da2623d4e72598a3e98c682db736b954752477298cd4753b6f164af53d7b",Trilogy
Coming Down,"https://cdnt-preview.dzcdn.net/api/1/1/9/2/e/0/92e391eef7c8b2e677795aefd0c4ad15.mp3?hdnea=exp=1760157412~acl=/api/1/1/9/2/e/0/92e391eef7c8b2e677795aefd0c4ad15.mp3*~data=user_id=0,application_id=42~hmac=cbd41107587d12e36b8ec0ce976de6f178d2ab68f478d0d1997e9facec20ad77",Trilogy
Loft Music,"https://cdnt-preview.dzcdn.net/api/1/1/f/2/5/0/f25524bfe17b410cd1128030d79a3a40.mp3?hdnea=exp=1760157412~acl=/api/1/1/f/2/5/0/f25524bfe17b410cd1128030d79a3a40.mp3*~data=user_id=0,application_id=42~hmac=441209e0cc61d2cf1f607517bc14cc03822e4ee7611995b93d694771a9b592b7",Trilogy
The Knowing,"https://cdnt-preview.dzcdn.net/api/1/1/4/2/d/0/42d1ba61574e0e9c2602369cee80f9fb.mp3?hdnea=exp=1760157412~acl=/api/1/1/4/2/d/0/42d1ba61574e0e9c2602369cee80f9fb.mp3*~data=user_id=0,application_id=42~hmac=7d56b2904861e0a7d4b4a14d9835b17997e193ec78685c1eb0fc68adc0919943",Trilogy
Twenty Eight,"https://cdnt-preview.dzcdn.net/api/1/1/8/8/3/0/8832e47b5a4d680051f9ec1478bf1679.mp3?hdnea=exp=1760157412~acl=/api/1/1/8/8/3/0/8832e47b5a4d680051f9ec1478bf1679.mp3*~data=user_id=0,application_id=42~hmac=5f45b9519344b5dd30c4b50c267fedbb6c78fd735c3f89d693fadef0185ae2da",Trilogy
Lonely Star,"https://cdnt-preview.dzcdn.net/api/1/1/6/8/b/0/68bf199bf5cc2d10620dd121ea2d2f78.mp3?hdnea=exp=1760157412~acl=/api/1/1/6/8/b/0/68bf199bf5cc2d10620dd121ea2d2f78.mp3*~data=user_id=0,application_id=42~hmac=bfc22923d339870c605ed89618bde5c15047c6eabce26bee007814395d554b1e",Trilogy
Life Of The Party,"https://cdnt-preview.dzcdn.net/api/1/1/2/7/8/0/2780a64291568f9b367444f6752c5d98.mp3?hdnea=exp=1760157412~acl=/api/1/1/2/7/8/0/2780a64291568f9b367444f6752c5d98.mp3*~data=user_id=0,application_id=42~hmac=955b26c6b7fded9d387412ab43461daeb5316fb9c33c7d13c70ed521dc9a1ab8",Trilogy
Thursday,"https://cdnt-preview.dzcdn.net/api/1/1/a/d/3/0/ad3648fc6e6abb9312864fa446f5da9d.mp3?hdnea=exp=1760157412~acl=/api/1/1/a/d/3/0/ad3648fc6e6abb9312864fa446f5da9d.mp3*~data=user_id=0,application_id=42~hmac=6d4c2b479348e8b9b1f60718cc9c80740106e9d3e19143bcf72800465160f674",Trilogy
The Zone,"https://cdnt-preview.dzcdn.net/api/1/1/4/9/a/0/49a38656845f374f36e09ce548e681fc.mp3?hdnea=exp=1760157412~acl=/api/1/1/4/9/a/0/49a38656845f374f36e09ce548e681fc.mp3*~data=user_id=0,application_id=42~hmac=eb705371c9f11fce76045608a13ae35957a80fc6989a7a650f03467a92a539f6",Trilogy
The Birds Pt. 1,"https://cdnt-preview.dzcdn.net/api/1/1/b/8/6/0/b8644410c66d89ac89054f22f11aef34.mp3?hdnea=exp=1760157412~acl=/api/1/1/b/8/6/0/b8644410c66d89ac89054f22f11aef34.mp3*~data=user_id=0,application_id=42~hmac=ff18be09ad9fd6907c382c6cd4deb48a9c2edcfd0f25c84c9fbea171ea875eca",Trilogy
The Birds Pt. 2,"https://cdnt-preview.dzcdn.net/api/1/1/a/f/2/0/af2b16ad0b7977de0e5ebb65151c72e4.mp3?hdnea=exp=1760157412~acl=/api/1/1/a/f/2/0/af2b16ad0b7977de0e5ebb65151c72e4.mp3*~data=user_id=0,application_id=42~hmac=2e5aa028b9dc4020563f39e63e24c9da631048cc7715dd1e7f2cf1f247e70a9f",Trilogy
Gone,"https://cdnt-preview.dzcdn.net/api/1/1/2/c/f/0/2cf5b8f8660c1f2f22e3d44a269bc060.mp3?hdnea=exp=1760157412~acl=/api/1/1/2/c/f/0/2cf5b8f8660c1f2f22e3d44a269bc060.mp3*~data=user_id=0,application_id=42~hmac=d06445996be2b23f0111b6f0a31d15ef0f23853c45ba9f103def44d6ad93385a",Trilogy
Rolling Stone,"https://cdnt-preview.dzcdn.net/api/1/1/5/7/3/0/5739256e40011dfbf9afa0b951dc58be.mp3?hdnea=exp=1760157412~acl=/api/1/1/5/7/3/0/5739256e40011dfbf9afa0b951dc58be.mp3*~data=user_id=0,application_id=42~hmac=e61e56a3ddcd512cc03bf425088bdeb0ddf80cf94ae2066bd49e3533c9a05e0d",Trilogy
Heaven Or Las Vegas,"https://cdnt-preview.dzcdn.net/api/1/1/8/9/5/0/895d867da206632f9fbf791624ae03fb.mp3?hdnea=exp=1760157412~acl=/api/1/1/8/9/5/0/895d867da206632f9fbf791624ae03fb.mp3*~data=user_id=0,application_id=42~hmac=13ce261ba9133e7381747d4856c094cb2e8a88b01144444cfce22ae18b575348",Trilogy
Valerie,"https://cdnt-preview.dzcdn.net/api/1/1/8/6/5/0/865e24b49ce1934ebc0d3e783c9eac7a.mp3?hdnea=exp=1760157412~acl=/api/1/1/8/6/5/0/865e24b49ce1934ebc0d3e783c9eac7a.mp3*~data=user_id=0,application_id=42~hmac=4938f953573582e4b2478372588f6a39937c501b3c940b968e29e4cb843994f6",Trilogy
D.D.,"https://cdnt-preview.dzcdn.net/api/1/1/5/9/2/0/592c79a7ae46a757b5da9eccad261639.mp3?hdnea=exp=1760157412~acl=/api/1/1/5/9/2/0/592c79a7ae46a757b5da9eccad261639.mp3*~data=user_id=0,application_id=42~hmac=6abac3fc34a227694d1f88849497a0864063d771d746e827de6f6d376e0289ae",Trilogy
Montreal,"https://cdnt-preview.dzcdn.net/api/1/1/9/6/e/0/96e0d4a644f9d7ae52b22d96f6a6c83e.mp3?hdnea=exp=1760157412~acl=/api/1/1/9/6/e/0/96e0d4a644f9d7ae52b22d96f6a6c83e.mp3*~data=user_id=0,application_id=42~hmac=18f6a0eb1084cbfc4c985c5c3cb60ce9d24bb206dca2796afd5c49b5b1780148",Trilogy
Outside,"https://cdnt-preview.dzcdn.net/api/1/1/0/3/f/0/03f6527707c2b7e864c869ffa784c68b.mp3?hdnea=exp=1760157412~acl=/api/1/1/0/3/f/0/03f6527707c2b7e864c869ffa784c68b.mp3*~data=user_id=0,application_id=42~hmac=2f9c9db79f4b4f1b36460129743719ae66baa693273cf7fa15950eac0ef4418f",Trilogy
XO / The Host,"https://cdnt-preview.dzcdn.net/api/1/1/e/0/2/0/e022f558dba4dea0906762f6251d577b.mp3?hdnea=exp=1760157412~acl=/api/1/1/e/0/2/0/e022f558dba4dea0906762f6251d577b.mp3*~data=user_id=0,application_id=42~hmac=8c5d90dcdda0cd57fe7b45ce3b43cf61a9a0eea4565c2bbe2479e6dce485c527",Trilogy
Initiation,"https://cdnt-preview.dzcdn.net/api/1/1/e/3/a/0/e3a6021709f6fc07b185204620b78408.mp3?hdnea=exp=1760157412~acl=/api/1/1/e/3/a/0/e3a6021709f6fc07b185204620b78408.mp3*~data=user_id=0,application_id=42~hmac=a3f8fd34b7557516bbbbfd6d2df0aad3222aa801ba28ce040c507e02d8ee220b",Trilogy
D.D.,"https://cdnt-preview.dzcdn.net/api/1/1/6/7/3/0/673a51a7711df4b6624242712bb83c82.mp3?hdnea=exp=1760157412~acl=/api/1/1/6/7/3/0/673a51a7711df4b6624242712bb83c82.mp3*~data=user_id=0,application_id=42~hmac=9e28a89548109e293a38c8977ed055ad78cac1eda816d166ccf66573e02019b9",Echoes Of Silence (Original)
Montreal,"https://cdnt-preview.dzcdn.net/api/1/1/d/0/7/0/d07ea8dd636c6ea00b497a17e1a5be20.mp3?hdnea=exp=1760157412~acl=/api/1/1/d/0/7/0/d07ea8dd636c6ea00b497a17e1a5be20.mp3*~data=user_id=0,application_id=42~hmac=7cf07d6b174cb09b0c4084c76960f9a1e560d79403d25c13ebf057435d307566",Echoes Of Silence (Original)
Outside,"https://cdnt-preview.dzcdn.net/api/1/1/2/b/f/0/2bfb4473990b88a1364a6aa8393818dc.mp3?hdnea=exp=1760157412~acl=/api/1/1/2/b/f/0/2bfb4473990b88a1364a6aa8393818dc.mp3*~data=user_id=0,application_id=42~hmac=eda5c0329315c1efd2e3199fc70239b38b85aee4c4defa11f38a7c2bd2a67522",Echoes Of Silence (Original)
XO / The Host,"https://cdnt-preview.dzcdn.net/api/1/1/d/8/9/0/d89ca72f33e6e1c2773ca9b6da8913d7.mp3?hdnea=exp=1760157412~acl=/api/1/1/d/8/9/0/d89ca72f33e6e1c2773ca9b6da8913d7.mp3*~data=user_id=0,application_id=42~hmac=9cbcf72d202780f7eca44ff7afe0d779638ed501c393adebf26887f49488dcb6",Echoes Of Silence (Original)
Initiation,"https://cdnt-preview.dzcdn.net/api/1/1/5/3/a/0/53a9fa72d2fba6bd866e12820bacdf65.mp3?hdnea=exp=1760157412~acl=/api/1/1/5/3/a/0/53a9fa72d2fba6bd866e12820bacdf65.mp3*~data=user_id=0,application_id=42~hmac=b32349ed7a272966a7a2bef5ddc4de14fb9cf501dd93813c2fceef654223024c",Echoes Of Silence (Original)
Same Old Song,"https://cdnt-preview.dzcdn.net/api/1/1/5/d/f/0/5df98897c05dade4afe0ce8b3c67d427.mp3?hdnea=exp=1760157412~acl=/api/1/1/5/d/f/0/5df98897c05dade4afe0ce8b3c67d427.mp3*~data=user_id=0,application_id=42~hmac=79b24dea90896dffcf62f36571d72b7ddaf7009c2f416150e2e2d58bc38766ff",Echoes Of Silence (Original)
The Fall,"https://cdnt-preview.dzcdn.net/api/1/1/2/b/d/0/2bd1b56e483183473cb25c8dd4a32618.mp3?hdnea=exp=1760157412~acl=/api/1/1/2/b/d/0/2bd1b56e483183473cb25c8dd4a32618.mp3*~data=user_id=0,application_id=42~hmac=c0d2932e211f8413c68ba2b143aa6bfe28e63ac89f5507609bc22e41289c2585",Echoes Of Silence (Original)
Next,"https://cdnt-preview.dzcdn.net/api/1/1/b/4/f/0/b4fc5891b2350206eb0d6014e137b2ff.mp3?hdnea=exp=1760157412~acl=/api/1/1/b/4/f/0/b4fc5891b2350206eb0d6014e137b2ff.mp3*~data=user_id=0,application_id=42~hmac=5c4ef466053b8ebdccf46eaa7a70463b09a5411de9909a5448ffe6d16e0cd921",Echoes Of Silence (Original)
Echoes Of Silence,"https://cdnt-preview.dzcdn.net/api/1/1/0/d/2/0/0d237d3cbe333b66a0ae857a0501e32e.mp3?hdnea=exp=1760157412~acl=/api/1/1/0/d/2/0/0d237d3cbe333b66a0ae857a0501e32e.mp3*~data=user_id=0,application_id=42~hmac=a63c770c9232ac3247600bf502c42c06d5946d7eda5f5cf22f33b11c8f602738",Echoes Of Silence (Original)
Lonely Star,"https://cdnt-preview.dzcdn.net/api/1/1/9/0/1/0/901d0bf42a513f5dafc1b7288a699331.mp3?hdnea=exp=1760157412~acl=/api/1/1/9/0/1/0/901d0bf42a513f5dafc1b7288a699331.mp3*~data=user_id=0,application_id=42~hmac=04712d23434469cc06919ed05ff724fd3ffc31a9d99a5958487a93cdfa546d1d",Thursday (Original)
Life Of The Party,"https://cdnt-preview.dzcdn.net/api/1/1/2/5/1/0/25108863a3ce64a304d729ae4c4ddbb3.mp3?hdnea=exp=1760157412~acl=/api/1/1/2/5/1/0/25108863a3ce64a304d729ae4c4ddbb3.mp3*~data=user_id=0,application_id=42~hmac=7680e874f78439c6a619ee2cb961ec3e296f324c0d0d835dd5fa8f65e058e0a2",Thursday (Original)
Thursday,"https://cdnt-preview.dzcdn.net/api/1/1/f/1/2/0/f1246402f1183187a6899f55f17446a3.mp3?hdnea=exp=1760157412~acl=/api/1/1/f/1/2/0/f1246402f1183187a6899f55f17446a3.mp3*~data=user_id=0,application_id=42~hmac=c5c9ed77421add4f506780876b19928c2fc24bd24177d576eff70e6c0b3e196a",Thursday (Original)
The Zone,"https://cdnt-preview.dzcdn.net/api/1/1/0/f/f/0/0ff8b2bb9ccdc719e67ea614f59cc0a2.mp3?hdnea=exp=1760157412~acl=/api/1/1/0/f/f/0/0ff8b2bb9ccdc719e67ea614f59cc0a2.mp3*~data=user_id=0,application_id=42~hmac=cccb1c642557cd0e123636d2be0e556eba3e6bd1f436be67b795f90e9d96c5cb",Thursday (Original)
The Birds Pt. 1,"https://cdnt-preview.dzcdn.net/api/1/1/c/3/d/0/c3d2abcca7f6bd319e2a1b020462ee70.mp3?hdnea=exp=1760157412~acl=/api/1/1/c/3/d/0/c3d2abcca7f6bd319e2a1b020462ee70.mp3*~data=user_id=0,application_id=42~hmac=e9eba05c63783750e4e99b4a1600a7acab63ae49b84cdb32f4358d0f92a83b7d",Thursday (Original)
The Birds Pt. 2,"https://cdnt-preview.dzcdn.net/api/1/1/d/2/c/0/d2cceefc830830dfb0aeb7505c1f298b.mp3?hdnea=exp=1760157412~acl=/api/1/1/d/2/c/0/d2cceefc830830dfb0aeb7505c1f298b.mp3*~data=user_id=0,application_id=42~hmac=94da876ec2b760d91a9ae9440b53fa4e82ff7d30ca655425464df3ccc1ee63ca",Thursday (Original)
Gone,"https://cdnt-preview.dzcdn.net/api/1/1/0/4/6/0/04614e2763174d771203bb78aab7b6dc.mp3?hdnea=exp=1760157412~acl=/api/1/1/0/4/6/0/04614e2763174d771203bb78aab7b6dc.mp3*~data=user_id=0,application_id=42~hmac=4cd34df04ae4bb0a0f307b3a8756089b89427d9f29b6ac864aaa5fad7bc19e65",Thursday (Original)
Rolling Stone,"https://cdnt-preview.dzcdn.net/api/1/1/8/9/3/0/89384f17baadb142b9d3db0186fef24d.mp3?hdnea=exp=1760157412~acl=/api/1/1/8/9/3/0/89384f17baadb142b9d3db0186fef24d.mp3*~data=user_id=0,application_id=42~hmac=91924be6e82dedad7cf3b868f97ab61359ac133d65803d3a890981b945f0d22b",Thursday (Original)
Heaven Or Las Vegas,"https://cdnt-preview.dzcdn.net/api/1/1/6/8/e/0/68e3c0430fd437d837ae1476e1c9ee1e.mp3?hdnea=exp=1760157412~acl=/api/1/1/6/8/e/0/68e3c0430fd437d837ae1476e1c9ee1e.mp3*~data=user_id=0,application_id=42~hmac=d555ace8c429eed23568780bbbea1229eb8d5a82e3500992245d9cb7b4037755",Thursday (Original)
High For This,"https://cdnt-preview.dzcdn.net/api/1/1/f/c/2/0/fc2c6fc048b9312e6b054120519c5e6a.mp3?hdnea=exp=1760157412~acl=/api/1/1/f/c/2/0/fc2c6fc048b9312e6b054120519c5e6a.mp3*~data=user_id=0,application_id=42~hmac=abd4bc0930323170b99e2dbb3cf84bda69811fa7135ab2691a156604d4aa2c79",House Of Balloons (Original)
What You Need,"https://cdnt-preview.dzcdn.net/api/1/1/f/8/8/0/f881b1ca6c1dbfbd219025dfab6326c4.mp3?hdnea=exp=1760157412~acl=/api/1/1/f/8/8/0/f881b1ca6c1dbfbd219025dfab6326c4.mp3*~data=user_id=0,application_id=42~hmac=c38b02ebbc30925f52b37870343b7a7006b69cfce236d229503e012984504f09",House Of Balloons (Original)
House Of Balloons / Glass Table Girls,"https://cdnt-preview.dzcdn.net/api/1/1/9/a/3/0/9a36c2d4f282e804dd84916b3f37eaef.mp3?hdnea=exp=1760157412~acl=/api/1/1/9/a/3/0/9a36c2d4f282e804dd84916b3f37eaef.mp3*~data=user_id=0,application_id=42~hmac=74482304642a750b32d56fde9b8974bf3a19b1588075cd9ebad285dbfef3a0e7",House Of Balloons (Original)
The Morning,"https://cdnt-preview.dzcdn.net/api/1/1/4/4/2/0/442db9453d23249c046662fab5162357.mp3?hdnea=exp=1760157412~acl=/api/1/1/4/4/2/0/442db9453d23249c046662fab5162357.mp3*~data=user_id=0,application_id=42~hmac=98ffae4aa17f49f407f1ad5475596aae966180e4b9f630b2df632dcb38ba74fc",House Of Balloons (Original)
Wicked Games,"https://cdnt-preview.dzcdn.net/api/1/1/6/a/0/0/6a0a5cf3a1b77d77c4e60e3d3e01ec88.mp3?hdnea=exp=1760157412~acl=/api/1/1/6/a/0/0/6a0a5cf3a1b77d77c4e60e3d3e01ec88.mp3*~data=user_id=0,application_id=42~hmac=81a9fab9b496b62532a9fa849734a5664bd5137d78682c85fdf3da725a120a51",House Of Balloons (Original)
The Party & The After Party,"https://cdnt-preview.dzcdn.net/api/1/1/2/8/4/0/2841bc65298c8f01ed07feaa2812efa9.mp3?hdnea=exp=1760157412~acl=/api/1/1/2/8/4/0/2841bc65298c8f01ed07feaa2812efa9.mp3*~data=user_id=0,application_id=42~hmac=ecf9574e7473f0b03a16f24ea2186981fed91e6b4f7a19dfbfb3a49907843285",House Of Balloons (Original)
Coming Down,"https://cdnt-preview.dzcdn.net/api/1/1/4/8/3/0/4833500dbeaa5dc99d793188e7c5442e.mp3?hdnea=exp=1760157412~acl=/api/1/1/4/8/3/0/4833500dbeaa5dc99d793188e7c5442e.mp3*~data=user_id=0,application_id=42~hmac=fade7a5d19a9c31b2d93bb2fbbb3e68868364d47a1a95fce4d5aa855e6d839fa",House Of Balloons (Original)
Loft Music,"https://cdnt-preview.dzcdn.net/api/1/1/8/9/e/0/89e8dea166da6d17dabce0707e5ff308.mp3?hdnea=exp=1760157412~acl=/api/1/1/8/9/e/0/89e8dea166da6d17dabce0707e5ff308.mp3*~data=user_id=0,application_id=42~hmac=ecda91dbf6effa1a9b82b014f8a0a2c9fce99569c14a1d91790f18fee41e757b",House Of Balloons (Original)
The Knowing,"https://cdnt-preview.dzcdn.net/api/1/1/d/c/1/0/dc1688e809c1817c1cd859e256b7e414.mp3?hdnea=exp=1760157412~acl=/api/1/1/d/c/1/0/dc1688e809c1817c1cd859e256b7e414.mp3*~data=user_id=0,application_id=42~hmac=0e288d3269f5184097359f6aa63141ae3beaeb5899ea698d23cfd7c0a75cce92",House Of Balloons (Original)
One Of The Girls,"https://cdnt-preview.dzcdn.net/api/1/1/f/d/1/0/fd19a606445e9af91792b846b9224fa7.mp3?hdnea=exp=1760157412~acl=/api/1/1/f/d/1/0/fd19a606445e9af91792b846b9224fa7.mp3*~data=user_id=0,application_id=42~hmac=f7c21e862c18ba46dc5ee3b95f6a3cbb62e8ad60e26ef628d90c309aea614293",One of the Girls
One Of The Girls (Sped Up),"https://cdnt-preview.dzcdn.net/api/1/1/1/e/e/0/1ee2c3b2a7fbf705c05935ea7ffeb746.mp3?hdnea=exp=1760157412~acl=/api/1/1/1/e/e/0/1ee2c3b2a7fbf705c05935ea7ffeb746.mp3*~data=user_id=0,application_id=42~hmac=4fb3e11f0cc03fb0e3fd78940b9cad950cda09b5b971cce099d45216d87b8f1f",One of the Girls
One Of The Girls (Slowed),"https://cdnt-preview.dzcdn.net/api/1/1/c/c/2/0/cc25b2d9062d2aaeb9b10021df89b215.mp3?hdnea=exp=1760157412~acl=/api/1/1/c/c/2/0/cc25b2d9062d2aaeb9b10021df89b215.mp3*~data=user_id=0,application_id=42~hmac=170093cd210290730acbcf2cbebca8076c2480fe795c24573e157944dc600f89",One of the Girls
One Of The Girls (Instrumental),"https://cdnt-preview.dzcdn.net/api/1/1/1/0/0/0/10012cc103b7a8b522d10f3893adb598.mp3?hdnea=exp=1760157412~acl=/api/1/1/1/0/0/0/10012cc103b7a8b522d10f3893adb598.mp3*~data=user_id=0,application_id=42~hmac=e542c8a7dec7215f700ec5ce6defbf86661792e6b7f7ed07270977e35a516e70",One of the Girls
One Of The Girls (A Cappella),"https://cdnt-preview.dzcdn.net/api/1/1/e/f/0/0/ef064a324d88bff08c084b63c70bf15d.mp3?hdnea=exp=1760157412~acl=/api/1/1/e/f/0/0/ef064a324d88bff08c084b63c70bf15d.mp3*~data=user_id=0,application_id=42~hmac=eee8082af3c095d485c0c03d39bdc6f0602713b98524ad0fd9ca697a78f68cea",One of the Girls
K-POP,"https://cdnt-preview.dzcdn.net/api/1/1/c/b/3/0/cb3749dceca7064b9bf0444764fa39a2.mp3?hdnea=exp=1760157413~acl=/api/1/1/c/b/3/0/cb3749dceca7064b9bf0444764fa39a2.mp3*~data=user_id=0,application_id=42~hmac=490a0b199ec815655534219aa081e21e9801cc10d0c785294934c86dd283c5ca",K-POP (Chopped & Screwed)
K-POP (Chopped & Screwed),"https://cdnt-preview.dzcdn.net/api/1/1/f/5/5/0/f5530ccad61c115e1ab12ae85ef9fd2d.mp3?hdnea=exp=1760157413~acl=/api/1/1/f/5/5/0/f5530ccad61c115e1ab12ae85ef9fd2d.mp3*~data=user_id=0,application_id=42~hmac=7803c902214152e86cb8c32c1d5ccfa49e26b9d7cafb1b1df526f46db2b80bd1",K-POP (Chopped & Screwed)
K-POP (Instrumental),"https://cdnt-preview.dzcdn.net/api/1/1/a/5/d/0/a5d30975c7c063a4767028118f4d5752.mp3?hdnea=exp=1760157413~acl=/api/1/1/a/5/d/0/a5d30975c7c063a4767028118f4d5752.mp3*~data=user_id=0,application_id=42~hmac=b05f83ca2a888d1a888f1af2f18076b2af61ab4e7f308cf3db907a091f1c8b6f",K-POP (Chopped & Screwed)
K-POP (Sped Up),"https://cdnt-preview.dzcdn.net/api/1/1/c/3/a/0/c3a69f6c60325ca2c190421e65623ec8.mp3?hdnea=exp=1760157413~acl=/api/1/1/c/3/a/0/c3a69f6c60325ca2c190421e65623ec8.mp3*~data=user_id=0,application_id=42~hmac=d61e9230290cb3cff9d2fd28e89397ef651519889c4458e61af626ff054759e7",K-POP (Chopped & Screwed)
Like A God,"https://cdnt-preview.dzcdn.net/api/1/1/4/7/a/0/47a82aa3e551cbe2b044d52c3303b31b.mp3?hdnea=exp=1760157413~acl=/api/1/1/4/7/a/0/47a82aa3e551cbe2b044d52c3303b31b.mp3*~data=user_id=0,application_id=42~hmac=63032ea4e492016fe4205016407c4e1d433fd0222dbf14fedc9097a4303040a2",The Idol Episode 5 Part 1 (Music from the HBO Original Series)
False Idols,"https://cdnt-preview.dzcdn.net/api/1/1/8/a/6/0/8a6e4a76d447cae7a8eb892a88f49aa6.mp3?hdnea=exp=1760157413~acl=/api/1/1/8/a/6/0/8a6e4a76d447cae7a8eb892a88f49aa6.mp3*~data=user_id=0,application_id=42~hmac=68b4e3653fd696d4ca6ed7621e8eaddcf601f1966a53ab85f6139cfdf79339ca",The Idol Episode 5 Part 1 (Music from the HBO Original Series)
One Of The Girls,"https://cdnt-preview.dzcdn.net/api/1/1/9/4/4/0/9444fa5088d1c169bf46fc10fd4dbb7d.mp3?hdnea=exp=1760157413~acl=/api/1/1/9/4/4/0/9444fa5088d1c169bf46fc10fd4dbb7d.mp3*~data=user_id=0,application_id=42~hmac=b0289a9a871c6d3404bbc1d4bc9adb9000a96d31d89e43af78851b57cf601af4",The Idol Episode 4 (Music from the HBO Original Series)
Jealous Guy,"https://cdnt-preview.dzcdn.net/api/1/1/9/1/0/0/9109c31160f06035ff73d50b1dc3e4ba.mp3?hdnea=exp=1760157413~acl=/api/1/1/9/1/0/0/9109c31160f06035ff73d50b1dc3e4ba.mp3*~data=user_id=0,application_id=42~hmac=18ecac72813a90513402bc8316d6beb35e9a5f1d3c0e46fd94d643feabedca7c",The Idol Episode 4 (Music from the HBO Original Series)
Fill The Void,"https://cdnt-preview.dzcdn.net/api/1/1/2/d/7/0/2d70fe973146b311f0c320cc6084310d.mp3?hdnea=exp=1760157413~acl=/api/1/1/2/d/7/0/2d70fe973146b311f0c320cc6084310d.mp3*~data=user_id=0,application_id=42~hmac=4904bc4d1a13af32e844d6654ffe21294d08907898923a78e45dc2f07a23cefc",The Idol Episode 4 (Music from the HBO Original Series)
A Lesser Man,"https://cdnt-preview.dzcdn.net/api/1/1/c/4/6/0/c4618c655e6830117dc1cfff964483f4.mp3?hdnea=exp=1760157413~acl=/api/1/1/c/4/6/0/c4618c655e6830117dc1cfff964483f4.mp3*~data=user_id=0,application_id=42~hmac=f4bf82a2aa6085496ab2374cb856acbc5f51f78d8977d462f379820dbb9a43ed",The Idol Episode 3
Take Me Back,"https://cdnt-preview.dzcdn.net/api/1/1/6/1/e/0/61ec6485ad1abe75f7583ea45da3508c.mp3?hdnea=exp=1760157413~acl=/api/1/1/6/1/e/0/61ec6485ad1abe75f7583ea45da3508c.mp3*~data=user_id=0,application_id=42~hmac=71af7cdb5d93af8dfc488457600674aeb3f98c12aa8171a81d8b8958343685a5",The Idol Episode 3
Get It B4,"https://cdnt-preview.dzcdn.net/api/1/1/b/7/4/0/b74b9d8145d60256871e66050d4db523.mp3?hdnea=exp=1760157413~acl=/api/1/1/b/7/4/0/b74b9d8145d60256871e66050d4db523.mp3*~data=user_id=0,application_id=42~hmac=65f4ea29183f1e41ef8bfa15a6eaa7f5f9bf0819af7ece289032faeea355ff5c",The Idol Episode 3
A Lesser Man,"https://cdnt-preview.dzcdn.net/api/1/1/0/9/1/0/091e1cd06b640d75b50e4ba52645ae9a.mp3?hdnea=exp=1760157413~acl=/api/1/1/0/9/1/0/091e1cd06b640d75b50e4ba52645ae9a.mp3*~data=user_id=0,application_id=42~hmac=e5354a4a6c7e4fe5f1756b71e5836dae97b9e699ace843598fa7f731660141a3",The Idol Episode 3 (Music from the HBO Original Series)
Take Me Back,"https://cdnt-preview.dzcdn.net/api/1/1/6/1/e/0/61ec6485ad1abe75f7583ea45da3508c.mp3?hdnea=exp=1760157413~acl=/api/1/1/6/1/e/0/61ec6485ad1abe75f7583ea45da3508c.mp3*~data=user_id=0,application_id=42~hmac=71af7cdb5d93af8dfc488457600674aeb3f98c12aa8171a81d8b8958343685a5",The Idol Episode 3 (Music from the HBO Original Series)
Get It B4,"https://cdnt-preview.dzcdn.net/api/1/1/b/7/4/0/b74b9d8145d60256871e66050d4db523.mp3?hdnea=exp=1760157413~acl=/api/1/1/b/7/4/0/b74b9d8145d60256871e66050d4db523.mp3*~data=user_id=0,application_id=42~hmac=65f4ea29183f1e41ef8bfa15a6eaa7f5f9bf0819af7ece289032faeea355ff5c",The Idol Episode 3 (Music from the HBO Original Series)
Family,"https://cdnt-preview.dzcdn.net/api/1/1/6/a/e/0/6aeae6587c9eaf13722fb8d57e76e9dd.mp3?hdnea=exp=1760157413~acl=/api/1/1/6/a/e/0/6aeae6587c9eaf13722fb8d57e76e9dd.mp3*~data=user_id=0,application_id=42~hmac=b03812d828e7b94db7f4da4702f1915d7ac828aa4de20706c8f9c4b2285a0a43",The Idol Episode 2 (Music from the HBO Original Series)
Devil's Paradise,"https://cdnt-preview.dzcdn.net/api/1/1/2/9/c/0/29c7152dd354d43bba6a809dbff0ae5b.mp3?hdnea=exp=1760157413~acl=/api/1/1/2/9/c/0/29c7152dd354d43bba6a809dbff0ae5b.mp3*~data=user_id=0,application_id=42~hmac=3b251e36fbfac699aa1c3f902dd4e319220ab7233ad2e572d9b40dd3b27ba105",The Idol Episode 2 (Music from the HBO Original Series)
Double Fantasy,"https://cdnt-preview.dzcdn.net/api/1/1/6/4/f/0/64f55cb75d726abb53aa9eea17e61852.mp3?hdnea=exp=1760157413~acl=/api/1/1/6/4/f/0/64f55cb75d726abb53aa9eea17e61852.mp3*~data=user_id=0,application_id=42~hmac=68663e39a2ba4e39f547507f9a840c5daa0915ec3fe69eb3b185f92d40075599",The Idol Episode 2 (Music from the HBO Original Series)
The Lure (Main Theme),"https://cdnt-preview.dzcdn.net/api/1/1/8/4/0/0/8400352fb4a8465cd5e11eabf6ad6fed.mp3?hdnea=exp=1760157414~acl=/api/1/1/8/4/0/0/8400352fb4a8465cd5e11eabf6ad6fed.mp3*~data=user_id=0,application_id=42~hmac=982d44e46619cbd0a628ee8357173ae6bc848ef25359e5555e34029de31f48e4",The Idol Episode 1 (Music from the HBO Original Series)
World Class Sinner / I’m A Freak,"https://cdnt-preview.dzcdn.net/api/1/1/4/b/0/0/4b0e4da6883922f0e7c99b19947f24a3.mp3?hdnea=exp=1760157414~acl=/api/1/1/4/b/0/0/4b0e4da6883922f0e7c99b19947f24a3.mp3*~data=user_id=0,application_id=42~hmac=93769a72b234fe814494c4a8c347b6024e1f32bc7d917d63712c14d65a1b905b",The Idol Episode 1 (Music from the HBO Original Series)
